file,sheet,monitor,points,reason
E:\压裂窜扰项目\02 规范化\不重要的\阳101H2\阳101H2 邻井压力监测\4井8：00到13：40套压数据.xls,导出数据,4,23,新解析器未识别，保留旧解析器有效通道
E:\压裂窜扰项目\02 规范化\不重要的\阳101H2\阳101H2 邻井压力监测\4井第5段（6井套压秒点数据）.xls,导出数据,4,13621,新解析器未识别，保留旧解析器有效通道
E:\压裂窜扰项目\02 规范化\不重要的\阳101H2\阳101H2 邻井压力监测\5井套压分点数据11.6.xls,导出数据,5,196,新解析器未识别，保留旧解析器有效通道
E:\压裂窜扰项目\02 规范化\不重要的\阳101H2\阳101H2 邻井压力监测\压裂质量数量监控表12.10 2井1段.xlsx,1.邻井压力监测表,7,14,新解析器未识别，保留旧解析器有效通道
E:\压裂窜扰项目\02 规范化\不重要的\阳101H2\阳101H2 邻井压力监测\压裂质量数量监控表12.10 2井1段.xlsx,1.邻井压力监测表,8,14,新解析器未识别，保留旧解析器有效通道
E:\压裂窜扰项目\02 规范化\不重要的\阳101H2\阳101H2 邻井压力监测\压裂质量数量监控表12.10 4井17段.xlsx,1.邻井压力监测表,7,22,新解析器未识别，保留旧解析器有效通道
E:\压裂窜扰项目\02 规范化\不重要的\阳101H2\阳101H2 邻井压力监测\压裂质量数量监控表12.10 4井17段.xlsx,1.邻井压力监测表,8,22,新解析器未识别，保留旧解析器有效通道
E:\压裂窜扰项目\02 规范化\不重要的\阳101H2\阳101H2 邻井压力监测\压裂质量数量监控表12.11    邻井叠合图 2井2段.xlsx,1.邻井压力监测表,7,16,新解析器未识别，保留旧解析器有效通道
E:\压裂窜扰项目\02 规范化\不重要的\阳101H2\阳101H2 邻井压力监测\压裂质量数量监控表12.11    邻井叠合图 2井2段.xlsx,1.邻井压力监测表,8,15,新解析器未识别，保留旧解析器有效通道
E:\压裂窜扰项目\02 规范化\不重要的\阳101H2\阳101H2 邻井压力监测\压裂质量数量监控表12.11 4井18段.xlsx,1.邻井压力监测表,7,21,新解析器未识别，保留旧解析器有效通道
E:\压裂窜扰项目\02 规范化\不重要的\阳101H2\阳101H2 邻井压力监测\压裂质量数量监控表12.11 4井18段.xlsx,1.邻井压力监测表,8,21,新解析器未识别，保留旧解析器有效通道
E:\压裂窜扰项目\02 规范化\不重要的\阳101H2\阳101H2 邻井压力监测\压裂质量数量监控表12.12 2井3段.xlsx,1.邻井压力监测表,7,20,新解析器未识别，保留旧解析器有效通道
E:\压裂窜扰项目\02 规范化\不重要的\阳101H2\阳101H2 邻井压力监测\压裂质量数量监控表12.12 2井3段.xlsx,1.邻井压力监测表,8,20,新解析器未识别，保留旧解析器有效通道
E:\压裂窜扰项目\02 规范化\不重要的\阳101H2\阳101H2 邻井压力监测\压裂质量数量监控表12.13 4井20段.xlsx,1.邻井压力监测表,7,20,新解析器未识别，保留旧解析器有效通道
E:\压裂窜扰项目\02 规范化\不重要的\阳101H2\阳101H2 邻井压力监测\压裂质量数量监控表12.13 4井20段.xlsx,1.邻井压力监测表,8,20,新解析器未识别，保留旧解析器有效通道
E:\压裂窜扰项目\02 规范化\不重要的\阳101H2\阳101H2 邻井压力监测\压裂质量数量监控表12.6 6井19段.xlsx,1.邻井压力监测表,7,20,新解析器未识别，保留旧解析器有效通道
E:\压裂窜扰项目\02 规范化\不重要的\阳101H2\阳101H2 邻井压力监测\压裂质量数量监控表12.6 6井19段.xlsx,1.邻井压力监测表,8,20,新解析器未识别，保留旧解析器有效通道
E:\压裂窜扰项目\02 规范化\不重要的\阳101H2\阳101H2 邻井压力监测\压裂质量数量监控表12.6 6井19段叠合图.xlsx,1.邻井压力监测表,7,20,新解析器未识别，保留旧解析器有效通道
E:\压裂窜扰项目\02 规范化\不重要的\阳101H2\阳101H2 邻井压力监测\压裂质量数量监控表12.6 6井19段叠合图.xlsx,1.邻井压力监测表,8,20,新解析器未识别，保留旧解析器有效通道
E:\压裂窜扰项目\02 规范化\不重要的\阳101H2\阳101H2 邻井压力监测\压裂质量数量监控表12.7 4井15段.xlsx,1.邻井压力监测表,7,17,新解析器未识别，保留旧解析器有效通道
E:\压裂窜扰项目\02 规范化\不重要的\阳101H2\阳101H2 邻井压力监测\压裂质量数量监控表12.7 4井15段.xlsx,1.邻井压力监测表,8,17,新解析器未识别，保留旧解析器有效通道
E:\压裂窜扰项目\02 规范化\不重要的\阳101H2\阳101H2 邻井压力监测\压裂质量数量监控表12.8 4井16段.xlsx,1.邻井压力监测表,7,21,新解析器未识别，保留旧解析器有效通道
E:\压裂窜扰项目\02 规范化\不重要的\阳101H2\阳101H2 邻井压力监测\压裂质量数量监控表12.8 4井16段.xlsx,1.邻井压力监测表,8,21,新解析器未识别，保留旧解析器有效通道
E:\压裂窜扰项目\02 规范化\不重要的\阳101H2\阳101H2 邻井压力监测\压裂质量数量监控表12.9 6井21段.xlsx,1.邻井压力监测表,7,28,新解析器未识别，保留旧解析器有效通道
E:\压裂窜扰项目\02 规范化\不重要的\阳101H2\阳101H2 邻井压力监测\压裂质量数量监控表12.9 6井21段.xlsx,1.邻井压力监测表,8,28,新解析器未识别，保留旧解析器有效通道
E:\压裂窜扰项目\02 规范化\不重要的\阳101H2\阳101H2 邻井压力监测\阳101H2-2-11段压裂施工-3、4、6井分点压力监测.xlsx,导出数据,4,236,新解析器未识别，保留旧解析器有效通道
E:\压裂窜扰项目\02 规范化\不重要的\阳101H2\阳101H2 邻井压力监测\阳101H2-2-11段压裂施工-3、4、6井分点压力监测.xlsx,导出数据,6,236,新解析器未识别，保留旧解析器有效通道
E:\压裂窜扰项目\02 规范化\不重要的\阳101H2\阳101H2 邻井压力监测\阳101H2-2-11段压裂施工-3、4、6井分点压力监测.xlsx,导出数据,3,236,新解析器未识别，保留旧解析器有效通道
E:\压裂窜扰项目\02 规范化\不重要的\阳101H2\阳101H2 邻井压力监测\阳101H2-2-11段压裂施工-4、6井分点压力监测.xls,导出数据,4,236,新解析器未识别，保留旧解析器有效通道
E:\压裂窜扰项目\02 规范化\不重要的\阳101H2\阳101H2 邻井压力监测\阳101H2-2-11段压裂施工-4、6井分点压力监测.xls,导出数据,6,236,新解析器未识别，保留旧解析器有效通道
E:\压裂窜扰项目\02 规范化\不重要的\阳101H2\阳101H2 邻井压力监测\阳101H2-2-11段压裂施工-4、6井秒点压力监测.xls,导出数据,4,14101,新解析器未识别，保留旧解析器有效通道
E:\压裂窜扰项目\02 规范化\不重要的\阳101H2\阳101H2 邻井压力监测\阳101H2-2-11段压裂施工-4、6井秒点压力监测.xls,导出数据,6,14101,新解析器未识别，保留旧解析器有效通道
E:\压裂窜扰项目\02 规范化\不重要的\阳101H2\阳101H2 邻井压力监测\阳101H2-2-12段压裂施工-3、4、6井分点压力监测.xlsx,导出数据,4,278,新解析器未识别，保留旧解析器有效通道
E:\压裂窜扰项目\02 规范化\不重要的\阳101H2\阳101H2 邻井压力监测\阳101H2-2-12段压裂施工-3、4、6井分点压力监测.xlsx,导出数据,6,278,新解析器未识别，保留旧解析器有效通道
E:\压裂窜扰项目\02 规范化\不重要的\阳101H2\阳101H2 邻井压力监测\阳101H2-2-12段压裂施工-3、4、6井分点压力监测.xlsx,导出数据,3,277,新解析器未识别，保留旧解析器有效通道
E:\压裂窜扰项目\02 规范化\不重要的\阳101H2\阳101H2 邻井压力监测\阳101H2-2-12段压裂施工-4、6井分点压力监测.xls,导出数据,4,278,新解析器未识别，保留旧解析器有效通道
E:\压裂窜扰项目\02 规范化\不重要的\阳101H2\阳101H2 邻井压力监测\阳101H2-2-12段压裂施工-4、6井分点压力监测.xls,导出数据,6,278,新解析器未识别，保留旧解析器有效通道
E:\压裂窜扰项目\02 规范化\不重要的\阳101H2\阳101H2 邻井压力监测\阳101H2-2-12段压裂施工-4、6井秒点压力监测.xls,导出数据,4,16621,新解析器未识别，保留旧解析器有效通道
E:\压裂窜扰项目\02 规范化\不重要的\阳101H2\阳101H2 邻井压力监测\阳101H2-2-12段压裂施工-4、6井秒点压力监测.xls,导出数据,6,16621,新解析器未识别，保留旧解析器有效通道
E:\压裂窜扰项目\02 规范化\不重要的\阳101H2\阳101H2 邻井压力监测\阳101H2-2-13段压裂施工-4、6井分点压力监测.xls,导出数据,4,314,新解析器未识别，保留旧解析器有效通道
E:\压裂窜扰项目\02 规范化\不重要的\阳101H2\阳101H2 邻井压力监测\阳101H2-2-13段压裂施工-4、6井分点压力监测.xls,导出数据,6,314,新解析器未识别，保留旧解析器有效通道
E:\压裂窜扰项目\02 规范化\不重要的\阳101H2\阳101H2 邻井压力监测\阳101H2-2-13段压裂施工-4、6井秒点压力监测.xls,导出数据,4,18781,新解析器未识别，保留旧解析器有效通道
E:\压裂窜扰项目\02 规范化\不重要的\阳101H2\阳101H2 邻井压力监测\阳101H2-2-13段压裂施工-4、6井秒点压力监测.xls,导出数据,6,18781,新解析器未识别，保留旧解析器有效通道
E:\压裂窜扰项目\02 规范化\不重要的\阳101H2\阳101H2 邻井压力监测\阳101H2-2-15段压裂施工-4、6井分点压力监测.xls,导出数据,4,261,新解析器未识别，保留旧解析器有效通道
E:\压裂窜扰项目\02 规范化\不重要的\阳101H2\阳101H2 邻井压力监测\阳101H2-2-15段压裂施工-4、6井分点压力监测.xls,导出数据,6,261,新解析器未识别，保留旧解析器有效通道
E:\压裂窜扰项目\02 规范化\不重要的\阳101H2\阳101H2 邻井压力监测\阳101H2-2-15段压裂施工-4、6井秒点压力监测.xls,导出数据,4,15601,新解析器未识别，保留旧解析器有效通道
E:\压裂窜扰项目\02 规范化\不重要的\阳101H2\阳101H2 邻井压力监测\阳101H2-2-15段压裂施工-4、6井秒点压力监测.xls,导出数据,6,15601,新解析器未识别，保留旧解析器有效通道
E:\压裂窜扰项目\02 规范化\不重要的\阳101H2\阳101H2 邻井压力监测\阳101H2-2-16段压裂施工-4、6井分点压力监测.xls,导出数据,4,298,新解析器未识别，保留旧解析器有效通道
E:\压裂窜扰项目\02 规范化\不重要的\阳101H2\阳101H2 邻井压力监测\阳101H2-2-16段压裂施工-4、6井分点压力监测.xls,导出数据,6,298,新解析器未识别，保留旧解析器有效通道
E:\压裂窜扰项目\02 规范化\不重要的\阳101H2\阳101H2 邻井压力监测\阳101H2-2-16段压裂施工-4、6井秒点压力监测.xls,导出数据,4,17821,新解析器未识别，保留旧解析器有效通道
E:\压裂窜扰项目\02 规范化\不重要的\阳101H2\阳101H2 邻井压力监测\阳101H2-2-16段压裂施工-4、6井秒点压力监测.xls,导出数据,6,17821,新解析器未识别，保留旧解析器有效通道
E:\压裂窜扰项目\02 规范化\不重要的\阳101H2\阳101H2 邻井压力监测\阳101H2-2-21段压裂施工-4、6井分点压力监测.xls,导出数据,4,278,新解析器未识别，保留旧解析器有效通道
E:\压裂窜扰项目\02 规范化\不重要的\阳101H2\阳101H2 邻井压力监测\阳101H2-2-21段压裂施工-4、6井分点压力监测.xls,导出数据,6,278,新解析器未识别，保留旧解析器有效通道
E:\压裂窜扰项目\02 规范化\不重要的\阳101H2\阳101H2 邻井压力监测\阳101H2-2-22段压裂施工-4、6井分点压力监测.xls,导出数据,4,487,新解析器未识别，保留旧解析器有效通道
E:\压裂窜扰项目\02 规范化\不重要的\阳101H2\阳101H2 邻井压力监测\阳101H2-2-22段压裂施工-4、6井分点压力监测.xls,导出数据,6,487,新解析器未识别，保留旧解析器有效通道
E:\压裂窜扰项目\02 规范化\不重要的\阳101H2\阳101H2 邻井压力监测\阳101H2-2-22段压裂施工-4、6井秒点压力监测.xls,导出数据,4,29161,新解析器未识别，保留旧解析器有效通道
E:\压裂窜扰项目\02 规范化\不重要的\阳101H2\阳101H2 邻井压力监测\阳101H2-2-22段压裂施工-4、6井秒点压力监测.xls,导出数据,6,29161,新解析器未识别，保留旧解析器有效通道
E:\压裂窜扰项目\02 规范化\不重要的\阳101H2\阳101H2 邻井压力监测\阳101H2-2-6段压裂施工-4、6井分点压力监测.xls,导出数据,4,203,新解析器未识别，保留旧解析器有效通道
E:\压裂窜扰项目\02 规范化\不重要的\阳101H2\阳101H2 邻井压力监测\阳101H2-2-6段压裂施工-4、6井分点压力监测.xls,导出数据,6,203,新解析器未识别，保留旧解析器有效通道
E:\压裂窜扰项目\02 规范化\不重要的\阳101H2\阳101H2 邻井压力监测\阳101H2-2-6段压裂施工-4、6井秒点压力监测.xls,导出数据,4,12006,新解析器未识别，保留旧解析器有效通道
E:\压裂窜扰项目\02 规范化\不重要的\阳101H2\阳101H2 邻井压力监测\阳101H2-2-6段压裂施工-4、6井秒点压力监测.xls,导出数据,6,12006,新解析器未识别，保留旧解析器有效通道
E:\压裂窜扰项目\02 规范化\不重要的\阳101H2\阳101H2 邻井压力监测\阳101H2-2-9段压裂施工-4、6井秒点压力监测.xls,导出数据,4,14101,新解析器未识别，保留旧解析器有效通道
E:\压裂窜扰项目\02 规范化\不重要的\阳101H2\阳101H2 邻井压力监测\阳101H2-2-9段压裂施工-4、6井秒点压力监测.xls,导出数据,6,14101,新解析器未识别，保留旧解析器有效通道
E:\压裂窜扰项目\02 规范化\不重要的\阳101H2\阳101H2 邻井压力监测\阳101H2-4-11段压裂施工-6井分点压力监测.xls,导出数据,6,220,新解析器未识别，保留旧解析器有效通道
E:\压裂窜扰项目\02 规范化\不重要的\阳101H2\阳101H2 邻井压力监测\阳101H2-4-11段压裂施工-6井秒点压力监测.xls,导出数据,6,13141,新解析器未识别，保留旧解析器有效通道
E:\压裂窜扰项目\02 规范化\不重要的\阳101H2\阳101H2 邻井压力监测\阳101H2-4-13段压裂施工-6井分点压力监测.xls,导出数据,6,313,新解析器未识别，保留旧解析器有效通道
E:\压裂窜扰项目\02 规范化\不重要的\阳101H2\阳101H2 邻井压力监测\阳101H2-4-13段压裂施工-6井秒点压力监测.xls,导出数据,6,18721,新解析器未识别，保留旧解析器有效通道
E:\压裂窜扰项目\02 规范化\不重要的\阳101H2\阳101H2 邻井压力监测\阳101H2-4-15段压裂施工-6井分点压力监测.xls,导出数据,6,224,新解析器未识别，保留旧解析器有效通道
E:\压裂窜扰项目\02 规范化\不重要的\阳101H2\阳101H2 邻井压力监测\阳101H2-4-15段压裂施工-6井秒点压力监测.xls,导出数据,6,13381,新解析器未识别，保留旧解析器有效通道
E:\压裂窜扰项目\02 规范化\不重要的\阳101H2\阳101H2 邻井压力监测\阳101H2-4-17段压裂施工-6井分点压力监测.xls,导出数据,6,307,新解析器未识别，保留旧解析器有效通道
E:\压裂窜扰项目\02 规范化\不重要的\阳101H2\阳101H2 邻井压力监测\阳101H2-4-17段压裂施工-6井秒点压力监测.xls,导出数据,6,18361,新解析器未识别，保留旧解析器有效通道
E:\压裂窜扰项目\02 规范化\不重要的\阳101H2\阳101H2 邻井压力监测\阳101H2-4-19段压裂施工-6井分点压力监测.xls,导出数据,6,297,新解析器未识别，保留旧解析器有效通道
E:\压裂窜扰项目\02 规范化\不重要的\阳101H2\阳101H2 邻井压力监测\阳101H2-4-19段压裂施工-6井秒点压力监测.xls,导出数据,6,17761,新解析器未识别，保留旧解析器有效通道
E:\压裂窜扰项目\02 规范化\不重要的\阳101H2\阳101H2 邻井压力监测\阳101H2-4-20段压裂施工-6井分点压力监测.xls,导出数据,6,287,新解析器未识别，保留旧解析器有效通道
E:\压裂窜扰项目\02 规范化\不重要的\阳101H2\阳101H2 邻井压力监测\阳101H2-4-20段压裂施工-6井秒点压力监测.xls,导出数据,6,17161,新解析器未识别，保留旧解析器有效通道
E:\压裂窜扰项目\02 规范化\不重要的\阳101H2\阳101H2 邻井压力监测\阳101H2-4-22段压裂施工-6井分点压力监测.xls,导出数据,6,70,新解析器未识别，保留旧解析器有效通道
E:\压裂窜扰项目\02 规范化\不重要的\阳101H2\阳101H2 邻井压力监测\阳101H2-4-22段压裂施工-6井秒点压力监测.xls,导出数据,6,4141,新解析器未识别，保留旧解析器有效通道
E:\压裂窜扰项目\02 规范化\不重要的\阳101H2\阳101H2 邻井压力监测\阳101H2-4-2段压裂施工-5井分点压力监测.xls,导出数据,5,254,新解析器未识别，保留旧解析器有效通道
E:\压裂窜扰项目\02 规范化\不重要的\阳101H2\阳101H2 邻井压力监测\阳101H2-4-2段压裂施工-5井秒点压力监测.xls,导出数据,5,15181,新解析器未识别，保留旧解析器有效通道
E:\压裂窜扰项目\02 规范化\不重要的\阳101H2\阳101H2 邻井压力监测\阳101H2-4-2段压裂施工-6井分点压力监测.xls,导出数据,6,254,新解析器未识别，保留旧解析器有效通道
E:\压裂窜扰项目\02 规范化\不重要的\阳101H2\阳101H2 邻井压力监测\阳101H2-4-2段压裂施工-6井秒点压力监测.xls,导出数据,6,15181,新解析器未识别，保留旧解析器有效通道
E:\压裂窜扰项目\02 规范化\不重要的\阳101H2\阳101H2 邻井压力监测\阳101H2-4-3段压裂施工-2井分点压力监测.xls,导出数据,2,270,新解析器未识别，保留旧解析器有效通道
E:\压裂窜扰项目\02 规范化\不重要的\阳101H2\阳101H2 邻井压力监测\阳101H2-4-3段压裂施工-2井秒点压力监测.xls,导出数据,2,16141,新解析器未识别，保留旧解析器有效通道
E:\压裂窜扰项目\02 规范化\不重要的\阳101H2\阳101H2 邻井压力监测\阳101H2-4-3段压裂施工-5井分点压力监测.xls,导出数据,5,270,新解析器未识别，保留旧解析器有效通道
E:\压裂窜扰项目\02 规范化\不重要的\阳101H2\阳101H2 邻井压力监测\阳101H2-4-3段压裂施工-5井秒点压力监测.xls,导出数据,5,16141,新解析器未识别，保留旧解析器有效通道
E:\压裂窜扰项目\02 规范化\不重要的\阳101H2\阳101H2 邻井压力监测\阳101H2-4-3段压裂施工-6井分点压力监测.xls,导出数据,6,270,新解析器未识别，保留旧解析器有效通道
E:\压裂窜扰项目\02 规范化\不重要的\阳101H2\阳101H2 邻井压力监测\阳101H2-4-3段压裂施工-6井秒点压力监测.xls,导出数据,6,16141,新解析器未识别，保留旧解析器有效通道
E:\压裂窜扰项目\02 规范化\不重要的\阳101H2\阳101H2 邻井压力监测\阳101H2-4-4段压裂施工-2井分点压力监测.xls,导出数据,2,162,新解析器未识别，保留旧解析器有效通道
E:\压裂窜扰项目\02 规范化\不重要的\阳101H2\阳101H2 邻井压力监测\阳101H2-4-4段压裂施工-2井秒点压力监测.xls,导出数据,2,9661,新解析器未识别，保留旧解析器有效通道
E:\压裂窜扰项目\02 规范化\不重要的\阳101H2\阳101H2 邻井压力监测\阳101H2-4-4段压裂施工-5井分点压力监测.xls,导出数据,5,162,新解析器未识别，保留旧解析器有效通道
E:\压裂窜扰项目\02 规范化\不重要的\阳101H2\阳101H2 邻井压力监测\阳101H2-4-4段压裂施工-5井秒点压力监测.xls,导出数据,5,9661,新解析器未识别，保留旧解析器有效通道
E:\压裂窜扰项目\02 规范化\不重要的\阳101H2\阳101H2 邻井压力监测\阳101H2-4-5段压裂施工-2井分点压力监测.xls,导出数据,2,228,新解析器未识别，保留旧解析器有效通道
E:\压裂窜扰项目\02 规范化\不重要的\阳101H2\阳101H2 邻井压力监测\阳101H2-4-5段压裂施工-2井秒点压力监测.xls,导出数据,2,13621,新解析器未识别，保留旧解析器有效通道
E:\压裂窜扰项目\02 规范化\不重要的\阳101H2\阳101H2 邻井压力监测\阳101H2-4-5段压裂施工-6井分点压力监测.xls,导出数据,6,228,新解析器未识别，保留旧解析器有效通道
E:\压裂窜扰项目\02 规范化\不重要的\阳101H2\阳101H2 邻井压力监测\阳101H2-4-6段压裂施工-2井分点压力监测.xls,导出数据,2,233,新解析器未识别，保留旧解析器有效通道
E:\压裂窜扰项目\02 规范化\不重要的\阳101H2\阳101H2 邻井压力监测\阳101H2-4-6段压裂施工-2井秒点压力监测.xls,导出数据,2,13921,新解析器未识别，保留旧解析器有效通道
E:\压裂窜扰项目\02 规范化\不重要的\阳101H2\阳101H2 邻井压力监测\阳101H2-4-6段压裂施工-5井分点压力监测.xls,导出数据,5,233,新解析器未识别，保留旧解析器有效通道
E:\压裂窜扰项目\02 规范化\不重要的\阳101H2\阳101H2 邻井压力监测\阳101H2-4-6段压裂施工-5井秒点压力监测.xls,导出数据,5,13921,新解析器未识别，保留旧解析器有效通道
E:\压裂窜扰项目\02 规范化\不重要的\阳101H2\阳101H2 邻井压力监测\阳101H2-4-8段压裂施工-2井分点压力监测.xls,导出数据,2,254,新解析器未识别，保留旧解析器有效通道
E:\压裂窜扰项目\02 规范化\不重要的\阳101H2\阳101H2 邻井压力监测\阳101H2-4-8段压裂施工-2井秒点压力监测.xls,导出数据,2,15181,新解析器未识别，保留旧解析器有效通道
E:\压裂窜扰项目\02 规范化\不重要的\阳101H2\阳101H2 邻井压力监测\阳101H2-4-8段压裂施工-6井分点压力监测.xls,导出数据,6,254,新解析器未识别，保留旧解析器有效通道
E:\压裂窜扰项目\02 规范化\不重要的\阳101H2\阳101H2 邻井压力监测\阳101H2-5-23段压裂施工-6井分点压力监测.xls,导出数据,6,156,新解析器未识别，保留旧解析器有效通道
E:\压裂窜扰项目\02 规范化\不重要的\阳101H2\阳101H2 邻井压力监测\阳101H2-5-23段压裂施工-6井秒点压力监测.xls,导出数据,6,9301,新解析器未识别，保留旧解析器有效通道
E:\压裂窜扰项目\02 规范化\不重要的\阳101H2\阳101H2 邻井压力监测\阳101H2-5-4段压裂施工-4井分点压力监测.xls,导出数据,4,301,新解析器未识别，保留旧解析器有效通道
E:\压裂窜扰项目\02 规范化\不重要的\阳101H2\阳101H2 邻井压力监测\阳101H2-5-4段压裂施工-4井秒点压力监测.xls,导出数据,4,18001,新解析器未识别，保留旧解析器有效通道
E:\压裂窜扰项目\02 规范化\不重要的\阳101H2\阳101H2 邻井压力监测\阳101H2-5-8段压裂施工-4井分点压力监测.xls,导出数据,4,261,新解析器未识别，保留旧解析器有效通道
E:\压裂窜扰项目\02 规范化\不重要的\阳101H2\阳101H2 邻井压力监测\阳101H2-5-8段压裂施工-4井秒点压力监测.xls,导出数据,4,15601,新解析器未识别，保留旧解析器有效通道
E:\压裂窜扰项目\02 规范化\不重要的\阳101H2\阳101H2 邻井压力监测\阳101H2-6-10段压裂施工-4井分点压力监测.xls,导出数据,4,157,新解析器未识别，保留旧解析器有效通道
E:\压裂窜扰项目\02 规范化\不重要的\阳101H2\阳101H2 邻井压力监测\阳101H2-6-10段压裂施工-4井秒点压力监测.xls,导出数据,4,9361,新解析器未识别，保留旧解析器有效通道
E:\压裂窜扰项目\02 规范化\不重要的\阳101H2\阳101H2 邻井压力监测\阳101H2-6-11段压裂施工-4井分点压力监测.xls,导出数据,4,251,新解析器未识别，保留旧解析器有效通道
E:\压裂窜扰项目\02 规范化\不重要的\阳101H2\阳101H2 邻井压力监测\阳101H2-6-11段压裂施工-4井秒点压力监测.xls,导出数据,4,15001,新解析器未识别，保留旧解析器有效通道
E:\压裂窜扰项目\02 规范化\不重要的\阳101H2\阳101H2 邻井压力监测\阳101H2-6-12段压裂施工-4井分点压力监测.xls,导出数据,4,250,新解析器未识别，保留旧解析器有效通道
E:\压裂窜扰项目\02 规范化\不重要的\阳101H2\阳101H2 邻井压力监测\阳101H2-6-12段压裂施工-4井秒点压力监测.xls,导出数据,4,14941,新解析器未识别，保留旧解析器有效通道
E:\压裂窜扰项目\02 规范化\不重要的\阳101H2\阳101H2 邻井压力监测\阳101H2-6-13段压裂施工-4井分点压力监测.xls,导出数据,4,253,新解析器未识别，保留旧解析器有效通道
E:\压裂窜扰项目\02 规范化\不重要的\阳101H2\阳101H2 邻井压力监测\阳101H2-6-13段压裂施工-4井秒点压力监测.xls,导出数据,4,15121,新解析器未识别，保留旧解析器有效通道
E:\压裂窜扰项目\02 规范化\不重要的\阳101H2\阳101H2 邻井压力监测\阳101H2-6-14段压裂施工-4井分点压力监测.xls,导出数据,4,303,新解析器未识别，保留旧解析器有效通道
E:\压裂窜扰项目\02 规范化\不重要的\阳101H2\阳101H2 邻井压力监测\阳101H2-6-15段压裂施工-4井分点压力监测.xls,导出数据,4,350,新解析器未识别，保留旧解析器有效通道
E:\压裂窜扰项目\02 规范化\不重要的\阳101H2\阳101H2 邻井压力监测\阳101H2-6-15段压裂施工-4井秒点压力监测.xls,导出数据,4,20941,新解析器未识别，保留旧解析器有效通道
E:\压裂窜扰项目\02 规范化\不重要的\阳101H2\阳101H2 邻井压力监测\阳101H2-6-18段压裂施工-4井分点压力监测.xls,导出数据,4,318,新解析器未识别，保留旧解析器有效通道
E:\压裂窜扰项目\02 规范化\不重要的\阳101H2\阳101H2 邻井压力监测\阳101H2-6-18段压裂施工-4井秒点压力监测.xls,导出数据,4,19021,新解析器未识别，保留旧解析器有效通道
E:\压裂窜扰项目\02 规范化\不重要的\阳101H2\阳101H2 邻井压力监测\阳101H2-6-19段压裂施工-4井分点压力监测.xls,导出数据,4,302,新解析器未识别，保留旧解析器有效通道
E:\压裂窜扰项目\02 规范化\不重要的\阳101H2\阳101H2 邻井压力监测\阳101H2-6-19段压裂施工-4井秒点压力监测.xls,导出数据,4,18061,新解析器未识别，保留旧解析器有效通道
E:\压裂窜扰项目\02 规范化\不重要的\阳101H2\阳101H2 邻井压力监测\阳101H2-6-20段压裂施工-4井分点压力监测.xls,导出数据,4,324,新解析器未识别，保留旧解析器有效通道
E:\压裂窜扰项目\02 规范化\不重要的\阳101H2\阳101H2 邻井压力监测\阳101H2-6-20段压裂施工-4井秒点压力监测.xls,导出数据,4,19381,新解析器未识别，保留旧解析器有效通道
E:\压裂窜扰项目\02 规范化\不重要的\阳101H2\阳101H2 邻井压力监测\阳101H2-6-4段压裂施工-4井分点压力监测.xls,导出数据,4,466,新解析器未识别，保留旧解析器有效通道
E:\压裂窜扰项目\02 规范化\不重要的\阳101H2\阳101H2 邻井压力监测\阳101H2-6-4段压裂施工-4井秒点压力监测.xls,导出数据,4,27901,新解析器未识别，保留旧解析器有效通道
E:\压裂窜扰项目\02 规范化\不重要的\阳101H2\阳101H2 邻井压力监测\阳101H2-6-9段压裂施工-2井分点压力监测.xls,导出数据,2,222,新解析器未识别，保留旧解析器有效通道
E:\压裂窜扰项目\02 规范化\不重要的\阳101H2\阳101H2 邻井压力监测\阳101H2-6-9段压裂施工-2井秒点压力监测.xls,导出数据,2,13261,新解析器未识别，保留旧解析器有效通道
E:\压裂窜扰项目\02 规范化\泸203H11\泸203H11 邻井压力监测\泸203H11-3-12段压裂施工-1井套压压力监测.xls,Sheet1,3,11403,新解析器未识别，保留旧解析器有效通道
E:\压裂窜扰项目\02 规范化\泸203H153\泸203H153 邻井压力监测\泸203H153-2-25段压裂施工-7井套压压力监测.xls,导出数据,7,10181,新解析器未识别，保留旧解析器有效通道
E:\压裂窜扰项目\02 规范化\泸203H153\泸203H153 邻井压力监测\泸203H153-2-6段压裂施工-7井套压压力监测.xls,导出数据,7,4021,新解析器未识别，保留旧解析器有效通道
E:\压裂窜扰项目\02 规范化\泸203H153\泸203H153 邻井压力监测\泸203H153-4-16段压裂施工-6井套压压力监测.xls,导出数据,6,30541,新解析器未识别，保留旧解析器有效通道
E:\压裂窜扰项目\02 规范化\泸203H153\泸203H153 邻井压力监测\泸203H153-5-10段压裂施工-6井套压压力监测.xls,导出数据,6,14401,新解析器未识别，保留旧解析器有效通道
E:\压裂窜扰项目\02 规范化\泸203H153\泸203H153 邻井压力监测\泸203H153-5-17段压裂施工-6井套压压力监测.xls,导出数据,6,9721,新解析器未识别，保留旧解析器有效通道
E:\压裂窜扰项目\02 规范化\泸203H153\泸203H153 邻井压力监测\泸203H153-5-18段压裂施工-6井套压压力监测.xls,导出数据,6,13801,新解析器未识别，保留旧解析器有效通道
E:\压裂窜扰项目\02 规范化\泸203H153\泸203H153 邻井压力监测\泸203H153-5-19段压裂施工-6井套压压力监测.xls,导出数据,6,15601,新解析器未识别，保留旧解析器有效通道
E:\压裂窜扰项目\02 规范化\泸203H153\泸203H153 邻井压力监测\泸203H153-5-20段压裂施工-6井套压压力监测.xls,导出数据,6,12301,新解析器未识别，保留旧解析器有效通道
E:\压裂窜扰项目\02 规范化\泸203H153\泸203H153 邻井压力监测\泸203H153-5-21段压裂施工-6井套压压力监测.xls,导出数据,6,14101,新解析器未识别，保留旧解析器有效通道
E:\压裂窜扰项目\02 规范化\泸203H153\泸203H153 邻井压力监测\泸203H153-5-22段压裂施工-6井套压压力监测.xls,导出数据,6,17581,新解析器未识别，保留旧解析器有效通道
E:\压裂窜扰项目\02 规范化\泸203H153\泸203H153 邻井压力监测\泸203H153-5-2段压裂施工-6井套压压力监测.xls,导出数据,6,33251,新解析器未识别，保留旧解析器有效通道
E:\压裂窜扰项目\02 规范化\泸203H153\泸203H153 邻井压力监测\泸203H153-5-3段压裂施工-6井套压压力监测.xlsx,导出数据,6,29581,新解析器未识别，保留旧解析器有效通道
E:\压裂窜扰项目\02 规范化\泸203H153\泸203H153 邻井压力监测\泸203H153-5-4段压裂施工-6井套压压力监测.xls,导出数据,6,15601,新解析器未识别，保留旧解析器有效通道
E:\压裂窜扰项目\02 规范化\泸203H153\泸203H153 邻井压力监测\泸203H153-6-13段压裂施工-4井套压压力监测.xls,导出数据,4,6001,新解析器未识别，保留旧解析器有效通道
E:\压裂窜扰项目\02 规范化\泸203H153\泸203H153 邻井压力监测\泸203H153-6-17段压裂施工-5井套压压力监测.xls,导出数据,5,12421,新解析器未识别，保留旧解析器有效通道
E:\压裂窜扰项目\02 规范化\泸203H153\泸203H153 邻井压力监测\泸203H153-6-18段压裂施工-5井套压压力监测.xls,导出数据,5,15781,新解析器未识别，保留旧解析器有效通道
E:\压裂窜扰项目\02 规范化\泸203H153\泸203H153 邻井压力监测\泸203H153-6-20段压裂施工-5井套压压力监测.xls,导出数据,5,8341,新解析器未识别，保留旧解析器有效通道
E:\压裂窜扰项目\02 规范化\泸203H153\泸203H153 邻井压力监测\泸203H153-6-21段压裂施工-5井套压压力监测.xls,导出数据,5,11268,新解析器未识别，保留旧解析器有效通道
E:\压裂窜扰项目\02 规范化\泸203H153\泸203H153 邻井压力监测\泸203H153-6-2段压裂施工-5井套压压力监测.xls,导出数据,5,24601,新解析器未识别，保留旧解析器有效通道
E:\压裂窜扰项目\02 规范化\泸203H153\泸203H153 邻井压力监测\泸203H153-7-27段压裂施工-2井套压压力监测.xls,导出数据,2,5980,新解析器未识别，保留旧解析器有效通道
E:\压裂窜扰项目\02 规范化\泸203H153\泸203H153 邻井压力监测\泸203H153-7-5段压裂施工-2井套压压力监测.xls,导出数据,2,8521,新解析器未识别，保留旧解析器有效通道
E:\压裂窜扰项目\02 规范化\泸203H153\泸203H153 邻井压力监测\泸203H153_2024.5.25压裂期间检测-6井压力.xls,导出数据,6,30541,新解析器未识别，保留旧解析器有效通道
E:\压裂窜扰项目\02 规范化\泸203H153\泸203H153 邻井压力监测\泸203H153_5-5段压裂期间5井套压数据.xls,导出数据,5,15901,新解析器未识别，保留旧解析器有效通道
E:\压裂窜扰项目\02 规范化\泸206H8\泸206H8 邻井压力监测\泸206H8-2-18段压裂施工-1、3井分点压力监测-2.xls,导出数据,3,222,新解析器未识别，保留旧解析器有效通道
E:\压裂窜扰项目\02 规范化\泸206H8\泸206H8 邻井压力监测\泸206H8-2-18段压裂施工-1、3井分点压力监测-2.xls,导出数据,1,222,新解析器未识别，保留旧解析器有效通道
E:\压裂窜扰项目\02 规范化\泸206H8\泸206H8 邻井压力监测\泸206H8-2-18段压裂施工-1、3井分点压力监测.xls,导出数据,3,222,新解析器未识别，保留旧解析器有效通道
E:\压裂窜扰项目\02 规范化\泸206H8\泸206H8 邻井压力监测\泸206H8-2-18段压裂施工-1、3井分点压力监测.xls,导出数据,1,222,新解析器未识别，保留旧解析器有效通道
E:\压裂窜扰项目\02 规范化\泸206H8\泸206H8 邻井压力监测\泸206H8-2-19段压裂施工-1、3井分点压力监测-2.xls,导出数据,3,151,新解析器未识别，保留旧解析器有效通道
E:\压裂窜扰项目\02 规范化\泸206H8\泸206H8 邻井压力监测\泸206H8-2-19段压裂施工-1、3井分点压力监测-2.xls,导出数据,1,151,新解析器未识别，保留旧解析器有效通道
E:\压裂窜扰项目\02 规范化\泸206H8\泸206H8 邻井压力监测\泸206H8-2-19段压裂施工-1、3井分点压力监测-2.xlsx,导出数据,1,271,新解析器未识别，保留旧解析器有效通道
E:\压裂窜扰项目\02 规范化\泸206H8\泸206H8 邻井压力监测\泸206H8-2-19段压裂施工-1、3井分点压力监测-2.xlsx,导出数据,3,271,新解析器未识别，保留旧解析器有效通道
E:\压裂窜扰项目\02 规范化\泸206H8\泸206H8 邻井压力监测\泸206H8-2-19段压裂施工-1、3井分点压力监测.xls,导出数据,3,151,新解析器未识别，保留旧解析器有效通道
E:\压裂窜扰项目\02 规范化\泸206H8\泸206H8 邻井压力监测\泸206H8-2-19段压裂施工-1、3井分点压力监测.xls,导出数据,1,151,新解析器未识别，保留旧解析器有效通道
E:\压裂窜扰项目\02 规范化\泸206H8\泸206H8 邻井压力监测\泸206H8-2-19段压裂施工-1、3井分点压力监测.xlsx,导出数据,1,271,新解析器未识别，保留旧解析器有效通道
E:\压裂窜扰项目\02 规范化\泸206H8\泸206H8 邻井压力监测\泸206H8-2-19段压裂施工-1、3井分点压力监测.xlsx,导出数据,3,271,新解析器未识别，保留旧解析器有效通道
E:\压裂窜扰项目\02 规范化\泸206H8\泸206H8 邻井压力监测\泸206H8-2-19段压裂施工-1、3井秒点压力监测-2.xls,导出数据,3,8840,新解析器未识别，保留旧解析器有效通道
E:\压裂窜扰项目\02 规范化\泸206H8\泸206H8 邻井压力监测\泸206H8-2-19段压裂施工-1、3井秒点压力监测-2.xls,导出数据,1,9001,新解析器未识别，保留旧解析器有效通道
E:\压裂窜扰项目\02 规范化\泸206H8\泸206H8 邻井压力监测\泸206H8-2-19段压裂施工-1、3井秒点压力监测-2.xlsx,导出数据,1,16189,新解析器未识别，保留旧解析器有效通道
E:\压裂窜扰项目\02 规范化\泸206H8\泸206H8 邻井压力监测\泸206H8-2-19段压裂施工-1、3井秒点压力监测-2.xlsx,导出数据,3,16201,新解析器未识别，保留旧解析器有效通道
E:\压裂窜扰项目\02 规范化\泸206H8\泸206H8 邻井压力监测\泸206H8-2-19段压裂施工-1、3井秒点压力监测.xls,导出数据,3,8840,新解析器未识别，保留旧解析器有效通道
E:\压裂窜扰项目\02 规范化\泸206H8\泸206H8 邻井压力监测\泸206H8-2-19段压裂施工-1、3井秒点压力监测.xls,导出数据,1,9001,新解析器未识别，保留旧解析器有效通道
E:\压裂窜扰项目\02 规范化\泸206H8\泸206H8 邻井压力监测\泸206H8-2-19段压裂施工-1、3井秒点压力监测.xlsx,导出数据,1,16189,新解析器未识别，保留旧解析器有效通道
E:\压裂窜扰项目\02 规范化\泸206H8\泸206H8 邻井压力监测\泸206H8-2-19段压裂施工-1、3井秒点压力监测.xlsx,导出数据,3,16201,新解析器未识别，保留旧解析器有效通道
E:\压裂窜扰项目\02 规范化\泸206H8\泸206H8 邻井压力监测\泸206H8-2-21段压裂施工-1、3、4、5、6、7、8井分点压力监测.xls,导出数据,3,199,新解析器未识别，保留旧解析器有效通道
E:\压裂窜扰项目\02 规范化\泸206H8\泸206H8 邻井压力监测\泸206H8-2-21段压裂施工-1、3、4、5、6、7、8井分点压力监测.xls,导出数据,1,199,新解析器未识别，保留旧解析器有效通道
E:\压裂窜扰项目\02 规范化\泸206H8\泸206H8 邻井压力监测\泸206H8-2-21段压裂施工-1、3、4、5、6、7、8井分点压力监测.xls,导出数据,5,199,新解析器未识别，保留旧解析器有效通道
E:\压裂窜扰项目\02 规范化\泸206H8\泸206H8 邻井压力监测\泸206H8-2-21段压裂施工-1、3、4、5、6、7、8井分点压力监测.xls,导出数据,8,199,新解析器未识别，保留旧解析器有效通道
E:\压裂窜扰项目\02 规范化\泸206H8\泸206H8 邻井压力监测\泸206H8-2-21段压裂施工-1、3、4、5、6、7、8井分点压力监测.xls,导出数据,7,199,新解析器未识别，保留旧解析器有效通道
E:\压裂窜扰项目\02 规范化\泸206H8\泸206H8 邻井压力监测\泸206H8-2-21段压裂施工-1、3、4、5、6、7、8井分点压力监测.xls,导出数据,6,199,新解析器未识别，保留旧解析器有效通道
E:\压裂窜扰项目\02 规范化\泸206H8\泸206H8 邻井压力监测\泸206H8-2-21段压裂施工-1、3、4、5、6、7、8井分点压力监测.xls,导出数据,4,199,新解析器未识别，保留旧解析器有效通道
E:\压裂窜扰项目\02 规范化\泸206H8\泸206H8 邻井压力监测\泸206H8-2-21段压裂施工-1、3、4、5、6、7、8井秒点压力监测.xls,导出数据,3,11593,新解析器未识别，保留旧解析器有效通道
E:\压裂窜扰项目\02 规范化\泸206H8\泸206H8 邻井压力监测\泸206H8-2-21段压裂施工-1、3、4、5、6、7、8井秒点压力监测.xls,导出数据,1,11881,新解析器未识别，保留旧解析器有效通道
E:\压裂窜扰项目\02 规范化\泸206H8\泸206H8 邻井压力监测\泸206H8-2-21段压裂施工-1、3、4、5、6、7、8井秒点压力监测.xls,导出数据,5,11815,新解析器未识别，保留旧解析器有效通道
E:\压裂窜扰项目\02 规范化\泸206H8\泸206H8 邻井压力监测\泸206H8-2-21段压裂施工-1、3、4、5、6、7、8井秒点压力监测.xls,导出数据,8,11815,新解析器未识别，保留旧解析器有效通道
E:\压裂窜扰项目\02 规范化\泸206H8\泸206H8 邻井压力监测\泸206H8-2-21段压裂施工-1、3、4、5、6、7、8井秒点压力监测.xls,导出数据,7,11815,新解析器未识别，保留旧解析器有效通道
E:\压裂窜扰项目\02 规范化\泸206H8\泸206H8 邻井压力监测\泸206H8-2-21段压裂施工-1、3、4、5、6、7、8井秒点压力监测.xls,导出数据,6,11815,新解析器未识别，保留旧解析器有效通道
E:\压裂窜扰项目\02 规范化\泸206H8\泸206H8 邻井压力监测\泸206H8-2-21段压裂施工-1、3、4、5、6、7、8井秒点压力监测.xls,导出数据,4,11594,新解析器未识别，保留旧解析器有效通道
E:\压裂窜扰项目\02 规范化\泸206H8\泸206H8 邻井压力监测\泸206H8-3-19段压裂施工-1、2、4、5、6、7、8井分点压力监测.xls,导出数据,1,367,新解析器未识别，保留旧解析器有效通道
E:\压裂窜扰项目\02 规范化\泸206H8\泸206H8 邻井压力监测\泸206H8-3-19段压裂施工-1、2、4、5、6、7、8井分点压力监测.xls,导出数据,5,367,新解析器未识别，保留旧解析器有效通道
E:\压裂窜扰项目\02 规范化\泸206H8\泸206H8 邻井压力监测\泸206H8-3-19段压裂施工-1、2、4、5、6、7、8井分点压力监测.xls,导出数据,8,367,新解析器未识别，保留旧解析器有效通道
E:\压裂窜扰项目\02 规范化\泸206H8\泸206H8 邻井压力监测\泸206H8-3-19段压裂施工-1、2、4、5、6、7、8井分点压力监测.xls,导出数据,7,367,新解析器未识别，保留旧解析器有效通道
E:\压裂窜扰项目\02 规范化\泸206H8\泸206H8 邻井压力监测\泸206H8-3-19段压裂施工-1、2、4、5、6、7、8井分点压力监测.xls,导出数据,6,367,新解析器未识别，保留旧解析器有效通道
E:\压裂窜扰项目\02 规范化\泸206H8\泸206H8 邻井压力监测\泸206H8-3-19段压裂施工-1、2、4、5、6、7、8井分点压力监测.xls,导出数据,4,362,新解析器未识别，保留旧解析器有效通道
E:\压裂窜扰项目\02 规范化\泸206H8\泸206H8 邻井压力监测\泸206H8-3-19段压裂施工-1、2、4、5、6、7、8井分点压力监测.xls,导出数据,2,362,新解析器未识别，保留旧解析器有效通道
E:\压裂窜扰项目\02 规范化\泸206H8\泸206H8 邻井压力监测\泸206H8-3-19段压裂施工-1、2、4、5、6、7、8井秒点压力监测.xls,导出数据,1,21945,新解析器未识别，保留旧解析器有效通道
E:\压裂窜扰项目\02 规范化\泸206H8\泸206H8 邻井压力监测\泸206H8-3-19段压裂施工-1、2、4、5、6、7、8井秒点压力监测.xls,导出数据,5,21873,新解析器未识别，保留旧解析器有效通道
E:\压裂窜扰项目\02 规范化\泸206H8\泸206H8 邻井压力监测\泸206H8-3-19段压裂施工-1、2、4、5、6、7、8井秒点压力监测.xls,导出数据,8,21873,新解析器未识别，保留旧解析器有效通道
E:\压裂窜扰项目\02 规范化\泸206H8\泸206H8 邻井压力监测\泸206H8-3-19段压裂施工-1、2、4、5、6、7、8井秒点压力监测.xls,导出数据,7,21873,新解析器未识别，保留旧解析器有效通道
E:\压裂窜扰项目\02 规范化\泸206H8\泸206H8 邻井压力监测\泸206H8-3-19段压裂施工-1、2、4、5、6、7、8井秒点压力监测.xls,导出数据,6,21873,新解析器未识别，保留旧解析器有效通道
E:\压裂窜扰项目\02 规范化\泸206H8\泸206H8 邻井压力监测\泸206H8-3-19段压裂施工-1、2、4、5、6、7、8井秒点压力监测.xls,导出数据,4,21472,新解析器未识别，保留旧解析器有效通道
E:\压裂窜扰项目\02 规范化\泸206H8\泸206H8 邻井压力监测\泸206H8-3-19段压裂施工-1、2、4、5、6、7、8井秒点压力监测.xls,导出数据,2,21472,新解析器未识别，保留旧解析器有效通道
E:\压裂窜扰项目\02 规范化\泸206H8\泸206H8 邻井压力监测\泸206H8-3-20段压裂施工-1、2、4、5、6、7、8井分点压力监测.xls,导出数据,1,146,新解析器未识别，保留旧解析器有效通道
E:\压裂窜扰项目\02 规范化\泸206H8\泸206H8 邻井压力监测\泸206H8-3-20段压裂施工-1、2、4、5、6、7、8井分点压力监测.xls,导出数据,5,144,新解析器未识别，保留旧解析器有效通道
E:\压裂窜扰项目\02 规范化\泸206H8\泸206H8 邻井压力监测\泸206H8-3-20段压裂施工-1、2、4、5、6、7、8井分点压力监测.xls,导出数据,8,144,新解析器未识别，保留旧解析器有效通道
E:\压裂窜扰项目\02 规范化\泸206H8\泸206H8 邻井压力监测\泸206H8-3-20段压裂施工-1、2、4、5、6、7、8井分点压力监测.xls,导出数据,7,144,新解析器未识别，保留旧解析器有效通道
E:\压裂窜扰项目\02 规范化\泸206H8\泸206H8 邻井压力监测\泸206H8-3-20段压裂施工-1、2、4、5、6、7、8井分点压力监测.xls,导出数据,6,144,新解析器未识别，保留旧解析器有效通道
E:\压裂窜扰项目\02 规范化\泸206H8\泸206H8 邻井压力监测\泸206H8-3-20段压裂施工-1、2、4、5、6、7、8井分点压力监测.xls,导出数据,4,146,新解析器未识别，保留旧解析器有效通道
E:\压裂窜扰项目\02 规范化\泸206H8\泸206H8 邻井压力监测\泸206H8-3-20段压裂施工-1、2、4、5、6、7、8井分点压力监测.xls,导出数据,2,146,新解析器未识别，保留旧解析器有效通道
E:\压裂窜扰项目\02 规范化\泸206H8\泸206H8 邻井压力监测\泸206H8-3-20段压裂施工-1、2、4、5、6、7、8井秒点压力监测.xls,导出数据,1,8701,新解析器未识别，保留旧解析器有效通道
E:\压裂窜扰项目\02 规范化\泸206H8\泸206H8 邻井压力监测\泸206H8-3-20段压裂施工-1、2、4、5、6、7、8井秒点压力监测.xls,导出数据,5,8432,新解析器未识别，保留旧解析器有效通道
E:\压裂窜扰项目\02 规范化\泸206H8\泸206H8 邻井压力监测\泸206H8-3-20段压裂施工-1、2、4、5、6、7、8井秒点压力监测.xls,导出数据,8,8430,新解析器未识别，保留旧解析器有效通道
E:\压裂窜扰项目\02 规范化\泸206H8\泸206H8 邻井压力监测\泸206H8-3-20段压裂施工-1、2、4、5、6、7、8井秒点压力监测.xls,导出数据,7,8430,新解析器未识别，保留旧解析器有效通道
E:\压裂窜扰项目\02 规范化\泸206H8\泸206H8 邻井压力监测\泸206H8-3-20段压裂施工-1、2、4、5、6、7、8井秒点压力监测.xls,导出数据,6,8430,新解析器未识别，保留旧解析器有效通道
E:\压裂窜扰项目\02 规范化\泸206H8\泸206H8 邻井压力监测\泸206H8-3-20段压裂施工-1、2、4、5、6、7、8井秒点压力监测.xls,导出数据,4,8672,新解析器未识别，保留旧解析器有效通道
E:\压裂窜扰项目\02 规范化\泸206H8\泸206H8 邻井压力监测\泸206H8-3-20段压裂施工-1、2、4、5、6、7、8井秒点压力监测.xls,导出数据,2,8672,新解析器未识别，保留旧解析器有效通道
E:\压裂窜扰项目\02 规范化\泸206H8\泸206H8 邻井压力监测\泸206H8-4-18段压裂施工-1、2、3、5、6、7、8井分点压力监测-2.xls,导出数据,3,231,新解析器未识别，保留旧解析器有效通道
E:\压裂窜扰项目\02 规范化\泸206H8\泸206H8 邻井压力监测\泸206H8-4-18段压裂施工-1、2、3、5、6、7、8井分点压力监测-2.xls,导出数据,1,231,新解析器未识别，保留旧解析器有效通道
E:\压裂窜扰项目\02 规范化\泸206H8\泸206H8 邻井压力监测\泸206H8-4-18段压裂施工-1、2、3、5、6、7、8井分点压力监测-2.xls,导出数据,5,220,新解析器未识别，保留旧解析器有效通道
E:\压裂窜扰项目\02 规范化\泸206H8\泸206H8 邻井压力监测\泸206H8-4-18段压裂施工-1、2、3、5、6、7、8井分点压力监测-2.xls,导出数据,8,220,新解析器未识别，保留旧解析器有效通道
E:\压裂窜扰项目\02 规范化\泸206H8\泸206H8 邻井压力监测\泸206H8-4-18段压裂施工-1、2、3、5、6、7、8井分点压力监测-2.xls,导出数据,7,220,新解析器未识别，保留旧解析器有效通道
E:\压裂窜扰项目\02 规范化\泸206H8\泸206H8 邻井压力监测\泸206H8-4-18段压裂施工-1、2、3、5、6、7、8井分点压力监测-2.xls,导出数据,6,220,新解析器未识别，保留旧解析器有效通道
E:\压裂窜扰项目\02 规范化\泸206H8\泸206H8 邻井压力监测\泸206H8-4-18段压裂施工-1、2、3、5、6、7、8井分点压力监测-2.xls,导出数据,2,231,新解析器未识别，保留旧解析器有效通道
E:\压裂窜扰项目\02 规范化\泸206H8\泸206H8 邻井压力监测\泸206H8-4-18段压裂施工-1、2、3、5、6、7、8井分点压力监测.xls,导出数据,3,231,新解析器未识别，保留旧解析器有效通道
E:\压裂窜扰项目\02 规范化\泸206H8\泸206H8 邻井压力监测\泸206H8-4-18段压裂施工-1、2、3、5、6、7、8井分点压力监测.xls,导出数据,1,231,新解析器未识别，保留旧解析器有效通道
E:\压裂窜扰项目\02 规范化\泸206H8\泸206H8 邻井压力监测\泸206H8-4-18段压裂施工-1、2、3、5、6、7、8井分点压力监测.xls,导出数据,5,220,新解析器未识别，保留旧解析器有效通道
E:\压裂窜扰项目\02 规范化\泸206H8\泸206H8 邻井压力监测\泸206H8-4-18段压裂施工-1、2、3、5、6、7、8井分点压力监测.xls,导出数据,8,220,新解析器未识别，保留旧解析器有效通道
E:\压裂窜扰项目\02 规范化\泸206H8\泸206H8 邻井压力监测\泸206H8-4-18段压裂施工-1、2、3、5、6、7、8井分点压力监测.xls,导出数据,7,220,新解析器未识别，保留旧解析器有效通道
E:\压裂窜扰项目\02 规范化\泸206H8\泸206H8 邻井压力监测\泸206H8-4-18段压裂施工-1、2、3、5、6、7、8井分点压力监测.xls,导出数据,6,220,新解析器未识别，保留旧解析器有效通道
E:\压裂窜扰项目\02 规范化\泸206H8\泸206H8 邻井压力监测\泸206H8-4-18段压裂施工-1、2、3、5、6、7、8井分点压力监测.xls,导出数据,2,231,新解析器未识别，保留旧解析器有效通道
E:\压裂窜扰项目\02 规范化\泸206H8\泸206H8 邻井压力监测\泸206H8-4-18段压裂施工-1、2、3、5、6、7、8井秒点压力监测-2.xls,导出数据,3,13768,新解析器未识别，保留旧解析器有效通道
E:\压裂窜扰项目\02 规范化\泸206H8\泸206H8 邻井压力监测\泸206H8-4-18段压裂施工-1、2、3、5、6、7、8井秒点压力监测-2.xls,导出数据,1,13797,新解析器未识别，保留旧解析器有效通道
E:\压裂窜扰项目\02 规范化\泸206H8\泸206H8 邻井压力监测\泸206H8-4-18段压裂施工-1、2、3、5、6、7、8井秒点压力监测-2.xls,导出数据,5,12945,新解析器未识别，保留旧解析器有效通道
E:\压裂窜扰项目\02 规范化\泸206H8\泸206H8 邻井压力监测\泸206H8-4-18段压裂施工-1、2、3、5、6、7、8井秒点压力监测-2.xls,导出数据,8,12946,新解析器未识别，保留旧解析器有效通道
E:\压裂窜扰项目\02 规范化\泸206H8\泸206H8 邻井压力监测\泸206H8-4-18段压裂施工-1、2、3、5、6、7、8井秒点压力监测-2.xls,导出数据,7,12945,新解析器未识别，保留旧解析器有效通道
E:\压裂窜扰项目\02 规范化\泸206H8\泸206H8 邻井压力监测\泸206H8-4-18段压裂施工-1、2、3、5、6、7、8井秒点压力监测-2.xls,导出数据,6,12945,新解析器未识别，保留旧解析器有效通道
E:\压裂窜扰项目\02 规范化\泸206H8\泸206H8 邻井压力监测\泸206H8-4-18段压裂施工-1、2、3、5、6、7、8井秒点压力监测-2.xls,导出数据,2,13770,新解析器未识别，保留旧解析器有效通道
E:\压裂窜扰项目\02 规范化\泸206H8\泸206H8 邻井压力监测\泸206H8-4-18段压裂施工-1、2、3、5、6、7、8井秒点压力监测.xls,导出数据,3,13768,新解析器未识别，保留旧解析器有效通道
E:\压裂窜扰项目\02 规范化\泸206H8\泸206H8 邻井压力监测\泸206H8-4-18段压裂施工-1、2、3、5、6、7、8井秒点压力监测.xls,导出数据,1,13797,新解析器未识别，保留旧解析器有效通道
E:\压裂窜扰项目\02 规范化\泸206H8\泸206H8 邻井压力监测\泸206H8-4-18段压裂施工-1、2、3、5、6、7、8井秒点压力监测.xls,导出数据,5,12945,新解析器未识别，保留旧解析器有效通道
E:\压裂窜扰项目\02 规范化\泸206H8\泸206H8 邻井压力监测\泸206H8-4-18段压裂施工-1、2、3、5、6、7、8井秒点压力监测.xls,导出数据,8,12946,新解析器未识别，保留旧解析器有效通道
E:\压裂窜扰项目\02 规范化\泸206H8\泸206H8 邻井压力监测\泸206H8-4-18段压裂施工-1、2、3、5、6、7、8井秒点压力监测.xls,导出数据,7,12945,新解析器未识别，保留旧解析器有效通道
E:\压裂窜扰项目\02 规范化\泸206H8\泸206H8 邻井压力监测\泸206H8-4-18段压裂施工-1、2、3、5、6、7、8井秒点压力监测.xls,导出数据,6,12945,新解析器未识别，保留旧解析器有效通道
E:\压裂窜扰项目\02 规范化\泸206H8\泸206H8 邻井压力监测\泸206H8-4-18段压裂施工-1、2、3、5、6、7、8井秒点压力监测.xls,导出数据,2,13770,新解析器未识别，保留旧解析器有效通道
E:\压裂窜扰项目\02 规范化\泸206H8\泸206H8 邻井压力监测\泸206H8-4-19段压裂施工-1、2、3、5、6、7、8井分点压力监测.xls,导出数据,3,266,新解析器未识别，保留旧解析器有效通道
E:\压裂窜扰项目\02 规范化\泸206H8\泸206H8 邻井压力监测\泸206H8-4-19段压裂施工-1、2、3、5、6、7、8井分点压力监测.xls,导出数据,1,266,新解析器未识别，保留旧解析器有效通道
E:\压裂窜扰项目\02 规范化\泸206H8\泸206H8 邻井压力监测\泸206H8-4-19段压裂施工-1、2、3、5、6、7、8井分点压力监测.xls,导出数据,5,266,新解析器未识别，保留旧解析器有效通道
E:\压裂窜扰项目\02 规范化\泸206H8\泸206H8 邻井压力监测\泸206H8-4-19段压裂施工-1、2、3、5、6、7、8井分点压力监测.xls,导出数据,8,266,新解析器未识别，保留旧解析器有效通道
E:\压裂窜扰项目\02 规范化\泸206H8\泸206H8 邻井压力监测\泸206H8-4-19段压裂施工-1、2、3、5、6、7、8井分点压力监测.xls,导出数据,7,266,新解析器未识别，保留旧解析器有效通道
E:\压裂窜扰项目\02 规范化\泸206H8\泸206H8 邻井压力监测\泸206H8-4-19段压裂施工-1、2、3、5、6、7、8井分点压力监测.xls,导出数据,6,266,新解析器未识别，保留旧解析器有效通道
E:\压裂窜扰项目\02 规范化\泸206H8\泸206H8 邻井压力监测\泸206H8-4-19段压裂施工-1、2、3、5、6、7、8井分点压力监测.xls,导出数据,2,266,新解析器未识别，保留旧解析器有效通道
E:\压裂窜扰项目\02 规范化\泸206H8\泸206H8 邻井压力监测\泸206H8-4-19段压裂施工-1、2、3、5、6、7、8井秒点压力监测.xls,导出数据,3,15901,新解析器未识别，保留旧解析器有效通道
E:\压裂窜扰项目\02 规范化\泸206H8\泸206H8 邻井压力监测\泸206H8-4-19段压裂施工-1、2、3、5、6、7、8井秒点压力监测.xls,导出数据,1,15901,新解析器未识别，保留旧解析器有效通道
E:\压裂窜扰项目\02 规范化\泸206H8\泸206H8 邻井压力监测\泸206H8-4-19段压裂施工-1、2、3、5、6、7、8井秒点压力监测.xls,导出数据,5,15866,新解析器未识别，保留旧解析器有效通道
E:\压裂窜扰项目\02 规范化\泸206H8\泸206H8 邻井压力监测\泸206H8-4-19段压裂施工-1、2、3、5、6、7、8井秒点压力监测.xls,导出数据,8,15866,新解析器未识别，保留旧解析器有效通道
E:\压裂窜扰项目\02 规范化\泸206H8\泸206H8 邻井压力监测\泸206H8-4-19段压裂施工-1、2、3、5、6、7、8井秒点压力监测.xls,导出数据,7,15866,新解析器未识别，保留旧解析器有效通道
E:\压裂窜扰项目\02 规范化\泸206H8\泸206H8 邻井压力监测\泸206H8-4-19段压裂施工-1、2、3、5、6、7、8井秒点压力监测.xls,导出数据,6,15866,新解析器未识别，保留旧解析器有效通道
E:\压裂窜扰项目\02 规范化\泸206H8\泸206H8 邻井压力监测\泸206H8-4-19段压裂施工-1、2、3、5、6、7、8井秒点压力监测.xls,导出数据,2,15901,新解析器未识别，保留旧解析器有效通道
E:\压裂窜扰项目\02 规范化\泸206H8\泸206H8 邻井压力监测\泸206H8-4-1段压裂施工-1、2、3、5、6、7、8井分点压力监测.xls,导出数据,3,176,新解析器未识别，保留旧解析器有效通道
E:\压裂窜扰项目\02 规范化\泸206H8\泸206H8 邻井压力监测\泸206H8-4-1段压裂施工-1、2、3、5、6、7、8井分点压力监测.xls,导出数据,1,176,新解析器未识别，保留旧解析器有效通道
E:\压裂窜扰项目\02 规范化\泸206H8\泸206H8 邻井压力监测\泸206H8-4-1段压裂施工-1、2、3、5、6、7、8井分点压力监测.xls,导出数据,5,176,新解析器未识别，保留旧解析器有效通道
E:\压裂窜扰项目\02 规范化\泸206H8\泸206H8 邻井压力监测\泸206H8-4-1段压裂施工-1、2、3、5、6、7、8井分点压力监测.xls,导出数据,8,176,新解析器未识别，保留旧解析器有效通道
E:\压裂窜扰项目\02 规范化\泸206H8\泸206H8 邻井压力监测\泸206H8-4-1段压裂施工-1、2、3、5、6、7、8井分点压力监测.xls,导出数据,7,176,新解析器未识别，保留旧解析器有效通道
E:\压裂窜扰项目\02 规范化\泸206H8\泸206H8 邻井压力监测\泸206H8-4-1段压裂施工-1、2、3、5、6、7、8井分点压力监测.xls,导出数据,6,176,新解析器未识别，保留旧解析器有效通道
E:\压裂窜扰项目\02 规范化\泸206H8\泸206H8 邻井压力监测\泸206H8-4-1段压裂施工-1、2、3、5、6、7、8井分点压力监测.xls,导出数据,4,176,新解析器未识别，保留旧解析器有效通道
E:\压裂窜扰项目\02 规范化\泸206H8\泸206H8 邻井压力监测\泸206H8-4-1段压裂施工-1、2、3、5、6、7、8井分点压力监测.xls,导出数据,2,176,新解析器未识别，保留旧解析器有效通道
E:\压裂窜扰项目\02 规范化\泸206H8\泸206H8 邻井压力监测\泸206H8-4-1段压裂施工-1、2、3、5、6、7、8井秒点压力监测.xls,导出数据,3,10372,新解析器未识别，保留旧解析器有效通道
E:\压裂窜扰项目\02 规范化\泸206H8\泸206H8 邻井压力监测\泸206H8-4-1段压裂施工-1、2、3、5、6、7、8井秒点压力监测.xls,导出数据,1,10501,新解析器未识别，保留旧解析器有效通道
E:\压裂窜扰项目\02 规范化\泸206H8\泸206H8 邻井压力监测\泸206H8-4-1段压裂施工-1、2、3、5、6、7、8井秒点压力监测.xls,导出数据,5,10500,新解析器未识别，保留旧解析器有效通道
E:\压裂窜扰项目\02 规范化\泸206H8\泸206H8 邻井压力监测\泸206H8-4-1段压裂施工-1、2、3、5、6、7、8井秒点压力监测.xls,导出数据,8,10500,新解析器未识别，保留旧解析器有效通道
E:\压裂窜扰项目\02 规范化\泸206H8\泸206H8 邻井压力监测\泸206H8-4-1段压裂施工-1、2、3、5、6、7、8井秒点压力监测.xls,导出数据,7,10500,新解析器未识别，保留旧解析器有效通道
E:\压裂窜扰项目\02 规范化\泸206H8\泸206H8 邻井压力监测\泸206H8-4-1段压裂施工-1、2、3、5、6、7、8井秒点压力监测.xls,导出数据,6,10500,新解析器未识别，保留旧解析器有效通道
E:\压裂窜扰项目\02 规范化\泸206H8\泸206H8 邻井压力监测\泸206H8-4-1段压裂施工-1、2、3、5、6、7、8井秒点压力监测.xls,导出数据,2,10374,新解析器未识别，保留旧解析器有效通道
E:\压裂窜扰项目\02 规范化\泸206H8\泸206H8 邻井压力监测\泸206H8-4-20段压裂施工-1、2、3、5、6、7、8井分点压力监测-2.xls,导出数据,3,301,新解析器未识别，保留旧解析器有效通道
E:\压裂窜扰项目\02 规范化\泸206H8\泸206H8 邻井压力监测\泸206H8-4-20段压裂施工-1、2、3、5、6、7、8井分点压力监测-2.xls,导出数据,1,301,新解析器未识别，保留旧解析器有效通道
E:\压裂窜扰项目\02 规范化\泸206H8\泸206H8 邻井压力监测\泸206H8-4-20段压裂施工-1、2、3、5、6、7、8井分点压力监测-2.xls,导出数据,5,301,新解析器未识别，保留旧解析器有效通道
E:\压裂窜扰项目\02 规范化\泸206H8\泸206H8 邻井压力监测\泸206H8-4-20段压裂施工-1、2、3、5、6、7、8井分点压力监测-2.xls,导出数据,8,301,新解析器未识别，保留旧解析器有效通道
E:\压裂窜扰项目\02 规范化\泸206H8\泸206H8 邻井压力监测\泸206H8-4-20段压裂施工-1、2、3、5、6、7、8井分点压力监测-2.xls,导出数据,7,301,新解析器未识别，保留旧解析器有效通道
E:\压裂窜扰项目\02 规范化\泸206H8\泸206H8 邻井压力监测\泸206H8-4-20段压裂施工-1、2、3、5、6、7、8井分点压力监测-2.xls,导出数据,6,301,新解析器未识别，保留旧解析器有效通道
E:\压裂窜扰项目\02 规范化\泸206H8\泸206H8 邻井压力监测\泸206H8-4-20段压裂施工-1、2、3、5、6、7、8井分点压力监测-2.xls,导出数据,2,301,新解析器未识别，保留旧解析器有效通道
E:\压裂窜扰项目\02 规范化\泸206H8\泸206H8 邻井压力监测\泸206H8-4-20段压裂施工-1、2、3、5、6、7、8井分点压力监测.xls,导出数据,3,301,新解析器未识别，保留旧解析器有效通道
E:\压裂窜扰项目\02 规范化\泸206H8\泸206H8 邻井压力监测\泸206H8-4-20段压裂施工-1、2、3、5、6、7、8井分点压力监测.xls,导出数据,1,301,新解析器未识别，保留旧解析器有效通道
E:\压裂窜扰项目\02 规范化\泸206H8\泸206H8 邻井压力监测\泸206H8-4-20段压裂施工-1、2、3、5、6、7、8井分点压力监测.xls,导出数据,5,301,新解析器未识别，保留旧解析器有效通道
E:\压裂窜扰项目\02 规范化\泸206H8\泸206H8 邻井压力监测\泸206H8-4-20段压裂施工-1、2、3、5、6、7、8井分点压力监测.xls,导出数据,8,301,新解析器未识别，保留旧解析器有效通道
E:\压裂窜扰项目\02 规范化\泸206H8\泸206H8 邻井压力监测\泸206H8-4-20段压裂施工-1、2、3、5、6、7、8井分点压力监测.xls,导出数据,7,301,新解析器未识别，保留旧解析器有效通道
E:\压裂窜扰项目\02 规范化\泸206H8\泸206H8 邻井压力监测\泸206H8-4-20段压裂施工-1、2、3、5、6、7、8井分点压力监测.xls,导出数据,6,301,新解析器未识别，保留旧解析器有效通道
E:\压裂窜扰项目\02 规范化\泸206H8\泸206H8 邻井压力监测\泸206H8-4-20段压裂施工-1、2、3、5、6、7、8井分点压力监测.xls,导出数据,2,301,新解析器未识别，保留旧解析器有效通道
E:\压裂窜扰项目\02 规范化\泸206H8\泸206H8 邻井压力监测\泸206H8-4-20段压裂施工-1、2、3、5、6、7、8井秒点压力监测-2.xls,导出数据,3,18001,新解析器未识别，保留旧解析器有效通道
E:\压裂窜扰项目\02 规范化\泸206H8\泸206H8 邻井压力监测\泸206H8-4-20段压裂施工-1、2、3、5、6、7、8井秒点压力监测-2.xls,导出数据,1,18001,新解析器未识别，保留旧解析器有效通道
E:\压裂窜扰项目\02 规范化\泸206H8\泸206H8 邻井压力监测\泸206H8-4-20段压裂施工-1、2、3、5、6、7、8井秒点压力监测-2.xls,导出数据,5,18001,新解析器未识别，保留旧解析器有效通道
E:\压裂窜扰项目\02 规范化\泸206H8\泸206H8 邻井压力监测\泸206H8-4-20段压裂施工-1、2、3、5、6、7、8井秒点压力监测-2.xls,导出数据,8,18001,新解析器未识别，保留旧解析器有效通道
E:\压裂窜扰项目\02 规范化\泸206H8\泸206H8 邻井压力监测\泸206H8-4-20段压裂施工-1、2、3、5、6、7、8井秒点压力监测-2.xls,导出数据,7,18001,新解析器未识别，保留旧解析器有效通道
E:\压裂窜扰项目\02 规范化\泸206H8\泸206H8 邻井压力监测\泸206H8-4-20段压裂施工-1、2、3、5、6、7、8井秒点压力监测-2.xls,导出数据,6,18001,新解析器未识别，保留旧解析器有效通道
E:\压裂窜扰项目\02 规范化\泸206H8\泸206H8 邻井压力监测\泸206H8-4-20段压裂施工-1、2、3、5、6、7、8井秒点压力监测-2.xls,导出数据,2,18001,新解析器未识别，保留旧解析器有效通道
E:\压裂窜扰项目\02 规范化\泸206H8\泸206H8 邻井压力监测\泸206H8-4-20段压裂施工-1、2、3、5、6、7、8井秒点压力监测.xls,导出数据,3,18001,新解析器未识别，保留旧解析器有效通道
E:\压裂窜扰项目\02 规范化\泸206H8\泸206H8 邻井压力监测\泸206H8-4-20段压裂施工-1、2、3、5、6、7、8井秒点压力监测.xls,导出数据,1,18001,新解析器未识别，保留旧解析器有效通道
E:\压裂窜扰项目\02 规范化\泸206H8\泸206H8 邻井压力监测\泸206H8-4-20段压裂施工-1、2、3、5、6、7、8井秒点压力监测.xls,导出数据,5,18001,新解析器未识别，保留旧解析器有效通道
E:\压裂窜扰项目\02 规范化\泸206H8\泸206H8 邻井压力监测\泸206H8-4-20段压裂施工-1、2、3、5、6、7、8井秒点压力监测.xls,导出数据,8,18001,新解析器未识别，保留旧解析器有效通道
E:\压裂窜扰项目\02 规范化\泸206H8\泸206H8 邻井压力监测\泸206H8-4-20段压裂施工-1、2、3、5、6、7、8井秒点压力监测.xls,导出数据,7,18001,新解析器未识别，保留旧解析器有效通道
E:\压裂窜扰项目\02 规范化\泸206H8\泸206H8 邻井压力监测\泸206H8-4-20段压裂施工-1、2、3、5、6、7、8井秒点压力监测.xls,导出数据,6,18001,新解析器未识别，保留旧解析器有效通道
E:\压裂窜扰项目\02 规范化\泸206H8\泸206H8 邻井压力监测\泸206H8-4-20段压裂施工-1、2、3、5、6、7、8井秒点压力监测.xls,导出数据,2,18001,新解析器未识别，保留旧解析器有效通道
E:\压裂窜扰项目\02 规范化\泸206H8\泸206H8 邻井压力监测\泸206H8-4-21段压裂施工-1、2、3、5、6、7、8井分点压力监测.xls,导出数据,3,311,新解析器未识别，保留旧解析器有效通道
E:\压裂窜扰项目\02 规范化\泸206H8\泸206H8 邻井压力监测\泸206H8-4-21段压裂施工-1、2、3、5、6、7、8井分点压力监测.xls,导出数据,1,311,新解析器未识别，保留旧解析器有效通道
E:\压裂窜扰项目\02 规范化\泸206H8\泸206H8 邻井压力监测\泸206H8-4-21段压裂施工-1、2、3、5、6、7、8井分点压力监测.xls,导出数据,5,308,新解析器未识别，保留旧解析器有效通道
E:\压裂窜扰项目\02 规范化\泸206H8\泸206H8 邻井压力监测\泸206H8-4-21段压裂施工-1、2、3、5、6、7、8井分点压力监测.xls,导出数据,8,308,新解析器未识别，保留旧解析器有效通道
E:\压裂窜扰项目\02 规范化\泸206H8\泸206H8 邻井压力监测\泸206H8-4-21段压裂施工-1、2、3、5、6、7、8井分点压力监测.xls,导出数据,7,308,新解析器未识别，保留旧解析器有效通道
E:\压裂窜扰项目\02 规范化\泸206H8\泸206H8 邻井压力监测\泸206H8-4-21段压裂施工-1、2、3、5、6、7、8井分点压力监测.xls,导出数据,6,308,新解析器未识别，保留旧解析器有效通道
E:\压裂窜扰项目\02 规范化\泸206H8\泸206H8 邻井压力监测\泸206H8-4-21段压裂施工-1、2、3、5、6、7、8井分点压力监测.xls,导出数据,2,311,新解析器未识别，保留旧解析器有效通道
E:\压裂窜扰项目\02 规范化\泸206H8\泸206H8 邻井压力监测\泸206H8-4-21段压裂施工-1、2、3、5、6、7、8井秒点压力监测.xls,导出数据,3,18601,新解析器未识别，保留旧解析器有效通道
E:\压裂窜扰项目\02 规范化\泸206H8\泸206H8 邻井压力监测\泸206H8-4-21段压裂施工-1、2、3、5、6、7、8井秒点压力监测.xls,导出数据,1,18601,新解析器未识别，保留旧解析器有效通道
E:\压裂窜扰项目\02 规范化\泸206H8\泸206H8 邻井压力监测\泸206H8-4-21段压裂施工-1、2、3、5、6、7、8井秒点压力监测.xls,导出数据,5,18164,新解析器未识别，保留旧解析器有效通道
E:\压裂窜扰项目\02 规范化\泸206H8\泸206H8 邻井压力监测\泸206H8-4-21段压裂施工-1、2、3、5、6、7、8井秒点压力监测.xls,导出数据,8,18166,新解析器未识别，保留旧解析器有效通道
E:\压裂窜扰项目\02 规范化\泸206H8\泸206H8 邻井压力监测\泸206H8-4-21段压裂施工-1、2、3、5、6、7、8井秒点压力监测.xls,导出数据,7,18163,新解析器未识别，保留旧解析器有效通道
E:\压裂窜扰项目\02 规范化\泸206H8\泸206H8 邻井压力监测\泸206H8-4-21段压裂施工-1、2、3、5、6、7、8井秒点压力监测.xls,导出数据,6,18162,新解析器未识别，保留旧解析器有效通道
E:\压裂窜扰项目\02 规范化\泸206H8\泸206H8 邻井压力监测\泸206H8-4-21段压裂施工-1、2、3、5、6、7、8井秒点压力监测.xls,导出数据,2,18601,新解析器未识别，保留旧解析器有效通道
E:\压裂窜扰项目\02 规范化\泸206H8\泸206H8 邻井压力监测\泸206H8-4-2段压裂施工-1、2、3、5、6、7、8井分点压力监测.xls,导出数据,3,176,新解析器未识别，保留旧解析器有效通道
E:\压裂窜扰项目\02 规范化\泸206H8\泸206H8 邻井压力监测\泸206H8-4-2段压裂施工-1、2、3、5、6、7、8井分点压力监测.xls,导出数据,1,176,新解析器未识别，保留旧解析器有效通道
E:\压裂窜扰项目\02 规范化\泸206H8\泸206H8 邻井压力监测\泸206H8-4-2段压裂施工-1、2、3、5、6、7、8井分点压力监测.xls,导出数据,5,176,新解析器未识别，保留旧解析器有效通道
E:\压裂窜扰项目\02 规范化\泸206H8\泸206H8 邻井压力监测\泸206H8-4-2段压裂施工-1、2、3、5、6、7、8井分点压力监测.xls,导出数据,8,176,新解析器未识别，保留旧解析器有效通道
E:\压裂窜扰项目\02 规范化\泸206H8\泸206H8 邻井压力监测\泸206H8-4-2段压裂施工-1、2、3、5、6、7、8井分点压力监测.xls,导出数据,7,176,新解析器未识别，保留旧解析器有效通道
E:\压裂窜扰项目\02 规范化\泸206H8\泸206H8 邻井压力监测\泸206H8-4-2段压裂施工-1、2、3、5、6、7、8井分点压力监测.xls,导出数据,6,176,新解析器未识别，保留旧解析器有效通道
E:\压裂窜扰项目\02 规范化\泸206H8\泸206H8 邻井压力监测\泸206H8-4-2段压裂施工-1、2、3、5、6、7、8井分点压力监测.xls,导出数据,4,176,新解析器未识别，保留旧解析器有效通道
E:\压裂窜扰项目\02 规范化\泸206H8\泸206H8 邻井压力监测\泸206H8-4-2段压裂施工-1、2、3、5、6、7、8井分点压力监测.xls,导出数据,2,176,新解析器未识别，保留旧解析器有效通道
E:\压裂窜扰项目\02 规范化\泸206H8\泸206H8 邻井压力监测\泸206H8-4-2段压裂施工-1、2、3、5、6、7、8井秒点压力监测.xls,导出数据,3,10439,新解析器未识别，保留旧解析器有效通道
E:\压裂窜扰项目\02 规范化\泸206H8\泸206H8 邻井压力监测\泸206H8-4-2段压裂施工-1、2、3、5、6、7、8井秒点压力监测.xls,导出数据,1,10501,新解析器未识别，保留旧解析器有效通道
E:\压裂窜扰项目\02 规范化\泸206H8\泸206H8 邻井压力监测\泸206H8-4-2段压裂施工-1、2、3、5、6、7、8井秒点压力监测.xls,导出数据,5,10495,新解析器未识别，保留旧解析器有效通道
E:\压裂窜扰项目\02 规范化\泸206H8\泸206H8 邻井压力监测\泸206H8-4-2段压裂施工-1、2、3、5、6、7、8井秒点压力监测.xls,导出数据,8,10495,新解析器未识别，保留旧解析器有效通道
E:\压裂窜扰项目\02 规范化\泸206H8\泸206H8 邻井压力监测\泸206H8-4-2段压裂施工-1、2、3、5、6、7、8井秒点压力监测.xls,导出数据,7,10495,新解析器未识别，保留旧解析器有效通道
E:\压裂窜扰项目\02 规范化\泸206H8\泸206H8 邻井压力监测\泸206H8-4-2段压裂施工-1、2、3、5、6、7、8井秒点压力监测.xls,导出数据,6,10495,新解析器未识别，保留旧解析器有效通道
E:\压裂窜扰项目\02 规范化\泸206H8\泸206H8 邻井压力监测\泸206H8-4-2段压裂施工-1、2、3、5、6、7、8井秒点压力监测.xls,导出数据,4,10440,新解析器未识别，保留旧解析器有效通道
E:\压裂窜扰项目\02 规范化\泸206H8\泸206H8 邻井压力监测\泸206H8-4-2段压裂施工-1、2、3、5、6、7、8井秒点压力监测.xls,导出数据,2,10440,新解析器未识别，保留旧解析器有效通道
E:\压裂窜扰项目\02 规范化\泸206H8\泸206H8 邻井压力监测\泸206H8-4-3段压裂施工-1、2、3、5、6、7、8井秒点压力监测.xls,导出数据,3,10146,新解析器未识别，保留旧解析器有效通道
E:\压裂窜扰项目\02 规范化\泸206H8\泸206H8 邻井压力监测\泸206H8-4-3段压裂施工-1、2、3、5、6、7、8井秒点压力监测.xls,导出数据,1,10201,新解析器未识别，保留旧解析器有效通道
E:\压裂窜扰项目\02 规范化\泸206H8\泸206H8 邻井压力监测\泸206H8-4-3段压裂施工-1、2、3、5、6、7、8井秒点压力监测.xls,导出数据,5,10129,新解析器未识别，保留旧解析器有效通道
E:\压裂窜扰项目\02 规范化\泸206H8\泸206H8 邻井压力监测\泸206H8-4-3段压裂施工-1、2、3、5、6、7、8井秒点压力监测.xls,导出数据,8,10129,新解析器未识别，保留旧解析器有效通道
E:\压裂窜扰项目\02 规范化\泸206H8\泸206H8 邻井压力监测\泸206H8-4-3段压裂施工-1、2、3、5、6、7、8井秒点压力监测.xls,导出数据,7,10131,新解析器未识别，保留旧解析器有效通道
E:\压裂窜扰项目\02 规范化\泸206H8\泸206H8 邻井压力监测\泸206H8-4-3段压裂施工-1、2、3、5、6、7、8井秒点压力监测.xls,导出数据,6,10129,新解析器未识别，保留旧解析器有效通道
E:\压裂窜扰项目\02 规范化\泸206H8\泸206H8 邻井压力监测\泸206H8-4-3段压裂施工-1、2、3、5、6、7、8井秒点压力监测.xls,导出数据,4,10159,新解析器未识别，保留旧解析器有效通道
E:\压裂窜扰项目\02 规范化\泸206H8\泸206H8 邻井压力监测\泸206H8-4-3段压裂施工-1、2、3、5、6、7、8井秒点压力监测.xls,导出数据,2,10159,新解析器未识别，保留旧解析器有效通道
E:\压裂窜扰项目\02 规范化\泸206H8\泸206H8 邻井压力监测\泸206H8-4-4段压裂施工-1、2、3、5、6、7、8井分点压力监测.xls,导出数据,3,157,新解析器未识别，保留旧解析器有效通道
E:\压裂窜扰项目\02 规范化\泸206H8\泸206H8 邻井压力监测\泸206H8-4-4段压裂施工-1、2、3、5、6、7、8井分点压力监测.xls,导出数据,1,157,新解析器未识别，保留旧解析器有效通道
E:\压裂窜扰项目\02 规范化\泸206H8\泸206H8 邻井压力监测\泸206H8-4-4段压裂施工-1、2、3、5、6、7、8井分点压力监测.xls,导出数据,5,157,新解析器未识别，保留旧解析器有效通道
E:\压裂窜扰项目\02 规范化\泸206H8\泸206H8 邻井压力监测\泸206H8-4-4段压裂施工-1、2、3、5、6、7、8井分点压力监测.xls,导出数据,8,157,新解析器未识别，保留旧解析器有效通道
E:\压裂窜扰项目\02 规范化\泸206H8\泸206H8 邻井压力监测\泸206H8-4-4段压裂施工-1、2、3、5、6、7、8井分点压力监测.xls,导出数据,7,157,新解析器未识别，保留旧解析器有效通道
E:\压裂窜扰项目\02 规范化\泸206H8\泸206H8 邻井压力监测\泸206H8-4-4段压裂施工-1、2、3、5、6、7、8井分点压力监测.xls,导出数据,6,157,新解析器未识别，保留旧解析器有效通道
E:\压裂窜扰项目\02 规范化\泸206H8\泸206H8 邻井压力监测\泸206H8-4-4段压裂施工-1、2、3、5、6、7、8井分点压力监测.xls,导出数据,4,157,新解析器未识别，保留旧解析器有效通道
E:\压裂窜扰项目\02 规范化\泸206H8\泸206H8 邻井压力监测\泸206H8-4-4段压裂施工-1、2、3、5、6、7、8井分点压力监测.xls,导出数据,2,157,新解析器未识别，保留旧解析器有效通道
E:\压裂窜扰项目\02 规范化\泸206H8\泸206H8 邻井压力监测\泸206H8-4-4段压裂施工-1、2、3、5、6、7、8井秒点压力监测.xls,导出数据,3,9083,新解析器未识别，保留旧解析器有效通道
E:\压裂窜扰项目\02 规范化\泸206H8\泸206H8 邻井压力监测\泸206H8-4-4段压裂施工-1、2、3、5、6、7、8井秒点压力监测.xls,导出数据,1,9361,新解析器未识别，保留旧解析器有效通道
E:\压裂窜扰项目\02 规范化\泸206H8\泸206H8 邻井压力监测\泸206H8-4-4段压裂施工-1、2、3、5、6、7、8井秒点压力监测.xls,导出数据,5,9167,新解析器未识别，保留旧解析器有效通道
E:\压裂窜扰项目\02 规范化\泸206H8\泸206H8 邻井压力监测\泸206H8-4-4段压裂施工-1、2、3、5、6、7、8井秒点压力监测.xls,导出数据,8,9168,新解析器未识别，保留旧解析器有效通道
E:\压裂窜扰项目\02 规范化\泸206H8\泸206H8 邻井压力监测\泸206H8-4-4段压裂施工-1、2、3、5、6、7、8井秒点压力监测.xls,导出数据,7,9168,新解析器未识别，保留旧解析器有效通道
E:\压裂窜扰项目\02 规范化\泸206H8\泸206H8 邻井压力监测\泸206H8-4-4段压裂施工-1、2、3、5、6、7、8井秒点压力监测.xls,导出数据,6,9167,新解析器未识别，保留旧解析器有效通道
E:\压裂窜扰项目\02 规范化\泸206H8\泸206H8 邻井压力监测\泸206H8-4-4段压裂施工-1、2、3、5、6、7、8井秒点压力监测.xls,导出数据,4,9086,新解析器未识别，保留旧解析器有效通道
E:\压裂窜扰项目\02 规范化\泸206H8\泸206H8 邻井压力监测\泸206H8-4-4段压裂施工-1、2、3、5、6、7、8井秒点压力监测.xls,导出数据,2,9087,新解析器未识别，保留旧解析器有效通道
E:\压裂窜扰项目\02 规范化\泸206H8\泸206H8 邻井压力监测\泸206H8-4-8段压裂施工-1、2、3、5、6、7、8井分点压力监测.xls,导出数据,3,343,新解析器未识别，保留旧解析器有效通道
E:\压裂窜扰项目\02 规范化\泸206H8\泸206H8 邻井压力监测\泸206H8-4-8段压裂施工-1、2、3、5、6、7、8井分点压力监测.xls,导出数据,1,343,新解析器未识别，保留旧解析器有效通道
E:\压裂窜扰项目\02 规范化\泸206H8\泸206H8 邻井压力监测\泸206H8-4-8段压裂施工-1、2、3、5、6、7、8井分点压力监测.xls,导出数据,5,343,新解析器未识别，保留旧解析器有效通道
E:\压裂窜扰项目\02 规范化\泸206H8\泸206H8 邻井压力监测\泸206H8-4-8段压裂施工-1、2、3、5、6、7、8井分点压力监测.xls,导出数据,8,343,新解析器未识别，保留旧解析器有效通道
E:\压裂窜扰项目\02 规范化\泸206H8\泸206H8 邻井压力监测\泸206H8-4-8段压裂施工-1、2、3、5、6、7、8井分点压力监测.xls,导出数据,7,343,新解析器未识别，保留旧解析器有效通道
E:\压裂窜扰项目\02 规范化\泸206H8\泸206H8 邻井压力监测\泸206H8-4-8段压裂施工-1、2、3、5、6、7、8井分点压力监测.xls,导出数据,6,343,新解析器未识别，保留旧解析器有效通道
E:\压裂窜扰项目\02 规范化\泸206H8\泸206H8 邻井压力监测\泸206H8-4-8段压裂施工-1、2、3、5、6、7、8井分点压力监测.xls,导出数据,4,343,新解析器未识别，保留旧解析器有效通道
E:\压裂窜扰项目\02 规范化\泸206H8\泸206H8 邻井压力监测\泸206H8-4-8段压裂施工-1、2、3、5、6、7、8井分点压力监测.xls,导出数据,2,343,新解析器未识别，保留旧解析器有效通道
E:\压裂窜扰项目\02 规范化\泸206H8\泸206H8 邻井压力监测\泸206H8-4-8段压裂施工-1、2、3、5、6、7、8井秒点压力监测.xls,导出数据,3,20168,新解析器未识别，保留旧解析器有效通道
E:\压裂窜扰项目\02 规范化\泸206H8\泸206H8 邻井压力监测\泸206H8-4-8段压裂施工-1、2、3、5、6、7、8井秒点压力监测.xls,导出数据,1,20475,新解析器未识别，保留旧解析器有效通道
E:\压裂窜扰项目\02 规范化\泸206H8\泸206H8 邻井压力监测\泸206H8-4-8段压裂施工-1、2、3、5、6、7、8井秒点压力监测.xls,导出数据,5,20261,新解析器未识别，保留旧解析器有效通道
E:\压裂窜扰项目\02 规范化\泸206H8\泸206H8 邻井压力监测\泸206H8-4-8段压裂施工-1、2、3、5、6、7、8井秒点压力监测.xls,导出数据,8,20259,新解析器未识别，保留旧解析器有效通道
E:\压裂窜扰项目\02 规范化\泸206H8\泸206H8 邻井压力监测\泸206H8-4-8段压裂施工-1、2、3、5、6、7、8井秒点压力监测.xls,导出数据,7,20257,新解析器未识别，保留旧解析器有效通道
E:\压裂窜扰项目\02 规范化\泸206H8\泸206H8 邻井压力监测\泸206H8-4-8段压裂施工-1、2、3、5、6、7、8井秒点压力监测.xls,导出数据,6,20257,新解析器未识别，保留旧解析器有效通道
E:\压裂窜扰项目\02 规范化\泸206H8\泸206H8 邻井压力监测\泸206H8-4-8段压裂施工-1、2、3、5、6、7、8井秒点压力监测.xls,导出数据,4,20162,新解析器未识别，保留旧解析器有效通道
E:\压裂窜扰项目\02 规范化\泸206H8\泸206H8 邻井压力监测\泸206H8-4-8段压裂施工-1、2、3、5、6、7、8井秒点压力监测.xls,导出数据,2,20162,新解析器未识别，保留旧解析器有效通道
E:\压裂窜扰项目\02 规范化\泸206H8\泸206H8 邻井压力监测\泸206H8-4-9段压裂施工-1、2、3、5、6、7、8井分点压力监测.xls,导出数据,3,171,新解析器未识别，保留旧解析器有效通道
E:\压裂窜扰项目\02 规范化\泸206H8\泸206H8 邻井压力监测\泸206H8-4-9段压裂施工-1、2、3、5、6、7、8井分点压力监测.xls,导出数据,1,171,新解析器未识别，保留旧解析器有效通道
E:\压裂窜扰项目\02 规范化\泸206H8\泸206H8 邻井压力监测\泸206H8-4-9段压裂施工-1、2、3、5、6、7、8井分点压力监测.xls,导出数据,5,171,新解析器未识别，保留旧解析器有效通道
E:\压裂窜扰项目\02 规范化\泸206H8\泸206H8 邻井压力监测\泸206H8-4-9段压裂施工-1、2、3、5、6、7、8井分点压力监测.xls,导出数据,8,171,新解析器未识别，保留旧解析器有效通道
E:\压裂窜扰项目\02 规范化\泸206H8\泸206H8 邻井压力监测\泸206H8-4-9段压裂施工-1、2、3、5、6、7、8井分点压力监测.xls,导出数据,7,171,新解析器未识别，保留旧解析器有效通道
E:\压裂窜扰项目\02 规范化\泸206H8\泸206H8 邻井压力监测\泸206H8-4-9段压裂施工-1、2、3、5、6、7、8井分点压力监测.xls,导出数据,6,171,新解析器未识别，保留旧解析器有效通道
E:\压裂窜扰项目\02 规范化\泸206H8\泸206H8 邻井压力监测\泸206H8-4-9段压裂施工-1、2、3、5、6、7、8井分点压力监测.xls,导出数据,4,171,新解析器未识别，保留旧解析器有效通道
E:\压裂窜扰项目\02 规范化\泸206H8\泸206H8 邻井压力监测\泸206H8-4-9段压裂施工-1、2、3、5、6、7、8井分点压力监测.xls,导出数据,2,171,新解析器未识别，保留旧解析器有效通道
E:\压裂窜扰项目\02 规范化\泸206H8\泸206H8 邻井压力监测\泸206H8-4-9段压裂施工-1、2、3、5、6、7、8井秒点压力监测.xls,导出数据,3,10103,新解析器未识别，保留旧解析器有效通道
E:\压裂窜扰项目\02 规范化\泸206H8\泸206H8 邻井压力监测\泸206H8-4-9段压裂施工-1、2、3、5、6、7、8井秒点压力监测.xls,导出数据,1,10201,新解析器未识别，保留旧解析器有效通道
E:\压裂窜扰项目\02 规范化\泸206H8\泸206H8 邻井压力监测\泸206H8-4-9段压裂施工-1、2、3、5、6、7、8井秒点压力监测.xls,导出数据,5,10199,新解析器未识别，保留旧解析器有效通道
E:\压裂窜扰项目\02 规范化\泸206H8\泸206H8 邻井压力监测\泸206H8-4-9段压裂施工-1、2、3、5、6、7、8井秒点压力监测.xls,导出数据,8,10199,新解析器未识别，保留旧解析器有效通道
E:\压裂窜扰项目\02 规范化\泸206H8\泸206H8 邻井压力监测\泸206H8-4-9段压裂施工-1、2、3、5、6、7、8井秒点压力监测.xls,导出数据,7,10199,新解析器未识别，保留旧解析器有效通道
E:\压裂窜扰项目\02 规范化\泸206H8\泸206H8 邻井压力监测\泸206H8-4-9段压裂施工-1、2、3、5、6、7、8井秒点压力监测.xls,导出数据,6,10199,新解析器未识别，保留旧解析器有效通道
E:\压裂窜扰项目\02 规范化\泸206H8\泸206H8 邻井压力监测\泸206H8-4-9段压裂施工-1、2、3、5、6、7、8井秒点压力监测.xls,导出数据,4,10103,新解析器未识别，保留旧解析器有效通道
E:\压裂窜扰项目\02 规范化\泸206H8\泸206H8 邻井压力监测\泸206H8-4-9段压裂施工-1、2、3、5、6、7、8井秒点压力监测.xls,导出数据,2,10103,新解析器未识别，保留旧解析器有效通道
E:\压裂窜扰项目\02 规范化\泸206H8\泸206H8 邻井压力监测\泸206H8-5-11段压裂施工-1、2、3、4、6、7、8井分点压力监测.xls,导出数据,3,183,新解析器未识别，保留旧解析器有效通道
E:\压裂窜扰项目\02 规范化\泸206H8\泸206H8 邻井压力监测\泸206H8-5-11段压裂施工-1、2、3、4、6、7、8井分点压力监测.xls,导出数据,1,183,新解析器未识别，保留旧解析器有效通道
E:\压裂窜扰项目\02 规范化\泸206H8\泸206H8 邻井压力监测\泸206H8-5-11段压裂施工-1、2、3、4、6、7、8井分点压力监测.xls,导出数据,5,183,新解析器未识别，保留旧解析器有效通道
E:\压裂窜扰项目\02 规范化\泸206H8\泸206H8 邻井压力监测\泸206H8-5-11段压裂施工-1、2、3、4、6、7、8井分点压力监测.xls,导出数据,8,183,新解析器未识别，保留旧解析器有效通道
E:\压裂窜扰项目\02 规范化\泸206H8\泸206H8 邻井压力监测\泸206H8-5-11段压裂施工-1、2、3、4、6、7、8井分点压力监测.xls,导出数据,7,183,新解析器未识别，保留旧解析器有效通道
E:\压裂窜扰项目\02 规范化\泸206H8\泸206H8 邻井压力监测\泸206H8-5-11段压裂施工-1、2、3、4、6、7、8井分点压力监测.xls,导出数据,6,183,新解析器未识别，保留旧解析器有效通道
E:\压裂窜扰项目\02 规范化\泸206H8\泸206H8 邻井压力监测\泸206H8-5-11段压裂施工-1、2、3、4、6、7、8井分点压力监测.xls,导出数据,4,183,新解析器未识别，保留旧解析器有效通道
E:\压裂窜扰项目\02 规范化\泸206H8\泸206H8 邻井压力监测\泸206H8-5-11段压裂施工-1、2、3、4、6、7、8井分点压力监测.xls,导出数据,2,183,新解析器未识别，保留旧解析器有效通道
E:\压裂窜扰项目\02 规范化\泸206H8\泸206H8 邻井压力监测\泸206H8-5-11段压裂施工-1、2、3、4、6、7、8井秒点压力监测.xls,导出数据,3,10861,新解析器未识别，保留旧解析器有效通道
E:\压裂窜扰项目\02 规范化\泸206H8\泸206H8 邻井压力监测\泸206H8-5-11段压裂施工-1、2、3、4、6、7、8井秒点压力监测.xls,导出数据,1,10921,新解析器未识别，保留旧解析器有效通道
E:\压裂窜扰项目\02 规范化\泸206H8\泸206H8 邻井压力监测\泸206H8-5-11段压裂施工-1、2、3、4、6、7、8井秒点压力监测.xls,导出数据,5,10921,新解析器未识别，保留旧解析器有效通道
E:\压裂窜扰项目\02 规范化\泸206H8\泸206H8 邻井压力监测\泸206H8-5-11段压裂施工-1、2、3、4、6、7、8井秒点压力监测.xls,导出数据,8,10921,新解析器未识别，保留旧解析器有效通道
E:\压裂窜扰项目\02 规范化\泸206H8\泸206H8 邻井压力监测\泸206H8-5-11段压裂施工-1、2、3、4、6、7、8井秒点压力监测.xls,导出数据,7,10921,新解析器未识别，保留旧解析器有效通道
E:\压裂窜扰项目\02 规范化\泸206H8\泸206H8 邻井压力监测\泸206H8-5-11段压裂施工-1、2、3、4、6、7、8井秒点压力监测.xls,导出数据,6,10921,新解析器未识别，保留旧解析器有效通道
E:\压裂窜扰项目\02 规范化\泸206H8\泸206H8 邻井压力监测\泸206H8-5-11段压裂施工-1、2、3、4、6、7、8井秒点压力监测.xls,导出数据,4,10861,新解析器未识别，保留旧解析器有效通道
E:\压裂窜扰项目\02 规范化\泸206H8\泸206H8 邻井压力监测\泸206H8-5-11段压裂施工-1、2、3、4、6、7、8井秒点压力监测.xls,导出数据,2,10861,新解析器未识别，保留旧解析器有效通道
E:\压裂窜扰项目\02 规范化\泸206H8\泸206H8 邻井压力监测\泸206H8-5-12段压裂施工-1、2、3、4、6、7、8井分点压力监测.xls,导出数据,3,181,新解析器未识别，保留旧解析器有效通道
E:\压裂窜扰项目\02 规范化\泸206H8\泸206H8 邻井压力监测\泸206H8-5-12段压裂施工-1、2、3、4、6、7、8井分点压力监测.xls,导出数据,1,181,新解析器未识别，保留旧解析器有效通道
E:\压裂窜扰项目\02 规范化\泸206H8\泸206H8 邻井压力监测\泸206H8-5-12段压裂施工-1、2、3、4、6、7、8井分点压力监测.xls,导出数据,5,181,新解析器未识别，保留旧解析器有效通道
E:\压裂窜扰项目\02 规范化\泸206H8\泸206H8 邻井压力监测\泸206H8-5-12段压裂施工-1、2、3、4、6、7、8井分点压力监测.xls,导出数据,8,181,新解析器未识别，保留旧解析器有效通道
E:\压裂窜扰项目\02 规范化\泸206H8\泸206H8 邻井压力监测\泸206H8-5-12段压裂施工-1、2、3、4、6、7、8井分点压力监测.xls,导出数据,7,181,新解析器未识别，保留旧解析器有效通道
E:\压裂窜扰项目\02 规范化\泸206H8\泸206H8 邻井压力监测\泸206H8-5-12段压裂施工-1、2、3、4、6、7、8井分点压力监测.xls,导出数据,6,181,新解析器未识别，保留旧解析器有效通道
E:\压裂窜扰项目\02 规范化\泸206H8\泸206H8 邻井压力监测\泸206H8-5-12段压裂施工-1、2、3、4、6、7、8井分点压力监测.xls,导出数据,4,181,新解析器未识别，保留旧解析器有效通道
E:\压裂窜扰项目\02 规范化\泸206H8\泸206H8 邻井压力监测\泸206H8-5-12段压裂施工-1、2、3、4、6、7、8井分点压力监测.xls,导出数据,2,181,新解析器未识别，保留旧解析器有效通道
E:\压裂窜扰项目\02 规范化\泸206H8\泸206H8 邻井压力监测\泸206H8-5-12段压裂施工-1、2、3、4、6、7、8井秒点压力监测.xls,导出数据,3,10734,新解析器未识别，保留旧解析器有效通道
E:\压裂窜扰项目\02 规范化\泸206H8\泸206H8 邻井压力监测\泸206H8-5-12段压裂施工-1、2、3、4、6、7、8井秒点压力监测.xls,导出数据,1,10801,新解析器未识别，保留旧解析器有效通道
E:\压裂窜扰项目\02 规范化\泸206H8\泸206H8 邻井压力监测\泸206H8-5-12段压裂施工-1、2、3、4、6、7、8井秒点压力监测.xls,导出数据,5,10801,新解析器未识别，保留旧解析器有效通道
E:\压裂窜扰项目\02 规范化\泸206H8\泸206H8 邻井压力监测\泸206H8-5-12段压裂施工-1、2、3、4、6、7、8井秒点压力监测.xls,导出数据,8,10801,新解析器未识别，保留旧解析器有效通道
E:\压裂窜扰项目\02 规范化\泸206H8\泸206H8 邻井压力监测\泸206H8-5-12段压裂施工-1、2、3、4、6、7、8井秒点压力监测.xls,导出数据,7,10801,新解析器未识别，保留旧解析器有效通道
E:\压裂窜扰项目\02 规范化\泸206H8\泸206H8 邻井压力监测\泸206H8-5-12段压裂施工-1、2、3、4、6、7、8井秒点压力监测.xls,导出数据,6,10801,新解析器未识别，保留旧解析器有效通道
E:\压裂窜扰项目\02 规范化\泸206H8\泸206H8 邻井压力监测\泸206H8-5-12段压裂施工-1、2、3、4、6、7、8井秒点压力监测.xls,导出数据,4,10734,新解析器未识别，保留旧解析器有效通道
E:\压裂窜扰项目\02 规范化\泸206H8\泸206H8 邻井压力监测\泸206H8-5-12段压裂施工-1、2、3、4、6、7、8井秒点压力监测.xls,导出数据,2,10734,新解析器未识别，保留旧解析器有效通道
E:\压裂窜扰项目\02 规范化\泸206H8\泸206H8 邻井压力监测\泸206H8-5-13段压裂施工-1、2、3、4、6、7、8井分点压力监测.xls,导出数据,3,167,新解析器未识别，保留旧解析器有效通道
E:\压裂窜扰项目\02 规范化\泸206H8\泸206H8 邻井压力监测\泸206H8-5-13段压裂施工-1、2、3、4、6、7、8井分点压力监测.xls,导出数据,1,167,新解析器未识别，保留旧解析器有效通道
E:\压裂窜扰项目\02 规范化\泸206H8\泸206H8 邻井压力监测\泸206H8-5-13段压裂施工-1、2、3、4、6、7、8井分点压力监测.xls,导出数据,5,167,新解析器未识别，保留旧解析器有效通道
E:\压裂窜扰项目\02 规范化\泸206H8\泸206H8 邻井压力监测\泸206H8-5-13段压裂施工-1、2、3、4、6、7、8井分点压力监测.xls,导出数据,8,167,新解析器未识别，保留旧解析器有效通道
E:\压裂窜扰项目\02 规范化\泸206H8\泸206H8 邻井压力监测\泸206H8-5-13段压裂施工-1、2、3、4、6、7、8井分点压力监测.xls,导出数据,7,167,新解析器未识别，保留旧解析器有效通道
E:\压裂窜扰项目\02 规范化\泸206H8\泸206H8 邻井压力监测\泸206H8-5-13段压裂施工-1、2、3、4、6、7、8井分点压力监测.xls,导出数据,6,167,新解析器未识别，保留旧解析器有效通道
E:\压裂窜扰项目\02 规范化\泸206H8\泸206H8 邻井压力监测\泸206H8-5-13段压裂施工-1、2、3、4、6、7、8井分点压力监测.xls,导出数据,4,167,新解析器未识别，保留旧解析器有效通道
E:\压裂窜扰项目\02 规范化\泸206H8\泸206H8 邻井压力监测\泸206H8-5-13段压裂施工-1、2、3、4、6、7、8井分点压力监测.xls,导出数据,2,167,新解析器未识别，保留旧解析器有效通道
E:\压裂窜扰项目\02 规范化\泸206H8\泸206H8 邻井压力监测\泸206H8-5-13段压裂施工-1、2、3、4、6、7、8井秒点压力监测.xls,导出数据,3,9961,新解析器未识别，保留旧解析器有效通道
E:\压裂窜扰项目\02 规范化\泸206H8\泸206H8 邻井压力监测\泸206H8-5-13段压裂施工-1、2、3、4、6、7、8井秒点压力监测.xls,导出数据,1,9961,新解析器未识别，保留旧解析器有效通道
E:\压裂窜扰项目\02 规范化\泸206H8\泸206H8 邻井压力监测\泸206H8-5-13段压裂施工-1、2、3、4、6、7、8井秒点压力监测.xls,导出数据,5,9959,新解析器未识别，保留旧解析器有效通道
E:\压裂窜扰项目\02 规范化\泸206H8\泸206H8 邻井压力监测\泸206H8-5-13段压裂施工-1、2、3、4、6、7、8井秒点压力监测.xls,导出数据,8,9959,新解析器未识别，保留旧解析器有效通道
E:\压裂窜扰项目\02 规范化\泸206H8\泸206H8 邻井压力监测\泸206H8-5-13段压裂施工-1、2、3、4、6、7、8井秒点压力监测.xls,导出数据,7,9959,新解析器未识别，保留旧解析器有效通道
E:\压裂窜扰项目\02 规范化\泸206H8\泸206H8 邻井压力监测\泸206H8-5-13段压裂施工-1、2、3、4、6、7、8井秒点压力监测.xls,导出数据,6,9959,新解析器未识别，保留旧解析器有效通道
E:\压裂窜扰项目\02 规范化\泸206H8\泸206H8 邻井压力监测\泸206H8-5-13段压裂施工-1、2、3、4、6、7、8井秒点压力监测.xls,导出数据,4,9961,新解析器未识别，保留旧解析器有效通道
E:\压裂窜扰项目\02 规范化\泸206H8\泸206H8 邻井压力监测\泸206H8-5-13段压裂施工-1、2、3、4、6、7、8井秒点压力监测.xls,导出数据,2,9961,新解析器未识别，保留旧解析器有效通道
E:\压裂窜扰项目\02 规范化\泸206H8\泸206H8 邻井压力监测\泸206H8-5-14段压裂施工-1、2、3、4、6、7、8井分点压力监测.xls,导出数据,3,186,新解析器未识别，保留旧解析器有效通道
E:\压裂窜扰项目\02 规范化\泸206H8\泸206H8 邻井压力监测\泸206H8-5-14段压裂施工-1、2、3、4、6、7、8井分点压力监测.xls,导出数据,1,186,新解析器未识别，保留旧解析器有效通道
E:\压裂窜扰项目\02 规范化\泸206H8\泸206H8 邻井压力监测\泸206H8-5-14段压裂施工-1、2、3、4、6、7、8井分点压力监测.xls,导出数据,5,186,新解析器未识别，保留旧解析器有效通道
E:\压裂窜扰项目\02 规范化\泸206H8\泸206H8 邻井压力监测\泸206H8-5-14段压裂施工-1、2、3、4、6、7、8井分点压力监测.xls,导出数据,8,186,新解析器未识别，保留旧解析器有效通道
E:\压裂窜扰项目\02 规范化\泸206H8\泸206H8 邻井压力监测\泸206H8-5-14段压裂施工-1、2、3、4、6、7、8井分点压力监测.xls,导出数据,7,186,新解析器未识别，保留旧解析器有效通道
E:\压裂窜扰项目\02 规范化\泸206H8\泸206H8 邻井压力监测\泸206H8-5-14段压裂施工-1、2、3、4、6、7、8井分点压力监测.xls,导出数据,6,186,新解析器未识别，保留旧解析器有效通道
E:\压裂窜扰项目\02 规范化\泸206H8\泸206H8 邻井压力监测\泸206H8-5-14段压裂施工-1、2、3、4、6、7、8井分点压力监测.xls,导出数据,4,186,新解析器未识别，保留旧解析器有效通道
E:\压裂窜扰项目\02 规范化\泸206H8\泸206H8 邻井压力监测\泸206H8-5-14段压裂施工-1、2、3、4、6、7、8井分点压力监测.xls,导出数据,2,186,新解析器未识别，保留旧解析器有效通道
E:\压裂窜扰项目\02 规范化\泸206H8\泸206H8 邻井压力监测\泸206H8-5-14段压裂施工-1、2、3、4、6、7、8井秒点压力监测.xls,导出数据,3,11098,新解析器未识别，保留旧解析器有效通道
E:\压裂窜扰项目\02 规范化\泸206H8\泸206H8 邻井压力监测\泸206H8-5-14段压裂施工-1、2、3、4、6、7、8井秒点压力监测.xls,导出数据,1,11098,新解析器未识别，保留旧解析器有效通道
E:\压裂窜扰项目\02 规范化\泸206H8\泸206H8 邻井压力监测\泸206H8-5-14段压裂施工-1、2、3、4、6、7、8井秒点压力监测.xls,导出数据,5,11098,新解析器未识别，保留旧解析器有效通道
E:\压裂窜扰项目\02 规范化\泸206H8\泸206H8 邻井压力监测\泸206H8-5-14段压裂施工-1、2、3、4、6、7、8井秒点压力监测.xls,导出数据,8,11098,新解析器未识别，保留旧解析器有效通道
E:\压裂窜扰项目\02 规范化\泸206H8\泸206H8 邻井压力监测\泸206H8-5-14段压裂施工-1、2、3、4、6、7、8井秒点压力监测.xls,导出数据,7,11098,新解析器未识别，保留旧解析器有效通道
E:\压裂窜扰项目\02 规范化\泸206H8\泸206H8 邻井压力监测\泸206H8-5-14段压裂施工-1、2、3、4、6、7、8井秒点压力监测.xls,导出数据,6,11098,新解析器未识别，保留旧解析器有效通道
E:\压裂窜扰项目\02 规范化\泸206H8\泸206H8 邻井压力监测\泸206H8-5-14段压裂施工-1、2、3、4、6、7、8井秒点压力监测.xls,导出数据,4,11098,新解析器未识别，保留旧解析器有效通道
E:\压裂窜扰项目\02 规范化\泸206H8\泸206H8 邻井压力监测\泸206H8-5-14段压裂施工-1、2、3、4、6、7、8井秒点压力监测.xls,导出数据,2,11098,新解析器未识别，保留旧解析器有效通道
E:\压裂窜扰项目\02 规范化\泸206H8\泸206H8 邻井压力监测\泸206H8-5-3段压裂施工-1、2、3、4、6、7、8井分点压力监测.xls,导出数据,3,156,新解析器未识别，保留旧解析器有效通道
E:\压裂窜扰项目\02 规范化\泸206H8\泸206H8 邻井压力监测\泸206H8-5-3段压裂施工-1、2、3、4、6、7、8井分点压力监测.xls,导出数据,1,156,新解析器未识别，保留旧解析器有效通道
E:\压裂窜扰项目\02 规范化\泸206H8\泸206H8 邻井压力监测\泸206H8-5-3段压裂施工-1、2、3、4、6、7、8井分点压力监测.xls,导出数据,5,154,新解析器未识别，保留旧解析器有效通道
E:\压裂窜扰项目\02 规范化\泸206H8\泸206H8 邻井压力监测\泸206H8-5-3段压裂施工-1、2、3、4、6、7、8井分点压力监测.xls,导出数据,8,154,新解析器未识别，保留旧解析器有效通道
E:\压裂窜扰项目\02 规范化\泸206H8\泸206H8 邻井压力监测\泸206H8-5-3段压裂施工-1、2、3、4、6、7、8井分点压力监测.xls,导出数据,7,154,新解析器未识别，保留旧解析器有效通道
E:\压裂窜扰项目\02 规范化\泸206H8\泸206H8 邻井压力监测\泸206H8-5-3段压裂施工-1、2、3、4、6、7、8井分点压力监测.xls,导出数据,6,154,新解析器未识别，保留旧解析器有效通道
E:\压裂窜扰项目\02 规范化\泸206H8\泸206H8 邻井压力监测\泸206H8-5-3段压裂施工-1、2、3、4、6、7、8井分点压力监测.xls,导出数据,4,156,新解析器未识别，保留旧解析器有效通道
E:\压裂窜扰项目\02 规范化\泸206H8\泸206H8 邻井压力监测\泸206H8-5-3段压裂施工-1、2、3、4、6、7、8井分点压力监测.xls,导出数据,2,156,新解析器未识别，保留旧解析器有效通道
E:\压裂窜扰项目\02 规范化\泸206H8\泸206H8 邻井压力监测\泸206H8-5-3段压裂施工-1、2、3、4、6、7、8井秒点压力监测.xls,导出数据,3,9200,新解析器未识别，保留旧解析器有效通道
E:\压裂窜扰项目\02 规范化\泸206H8\泸206H8 邻井压力监测\泸206H8-5-3段压裂施工-1、2、3、4、6、7、8井秒点压力监测.xls,导出数据,1,9301,新解析器未识别，保留旧解析器有效通道
E:\压裂窜扰项目\02 规范化\泸206H8\泸206H8 邻井压力监测\泸206H8-5-3段压裂施工-1、2、3、4、6、7、8井秒点压力监测.xls,导出数据,5,9216,新解析器未识别，保留旧解析器有效通道
E:\压裂窜扰项目\02 规范化\泸206H8\泸206H8 邻井压力监测\泸206H8-5-3段压裂施工-1、2、3、4、6、7、8井秒点压力监测.xls,导出数据,8,9216,新解析器未识别，保留旧解析器有效通道
E:\压裂窜扰项目\02 规范化\泸206H8\泸206H8 邻井压力监测\泸206H8-5-3段压裂施工-1、2、3、4、6、7、8井秒点压力监测.xls,导出数据,7,9216,新解析器未识别，保留旧解析器有效通道
E:\压裂窜扰项目\02 规范化\泸206H8\泸206H8 邻井压力监测\泸206H8-5-3段压裂施工-1、2、3、4、6、7、8井秒点压力监测.xls,导出数据,6,9216,新解析器未识别，保留旧解析器有效通道
E:\压裂窜扰项目\02 规范化\泸206H8\泸206H8 邻井压力监测\泸206H8-5-3段压裂施工-1、2、3、4、6、7、8井秒点压力监测.xls,导出数据,4,9202,新解析器未识别，保留旧解析器有效通道
E:\压裂窜扰项目\02 规范化\泸206H8\泸206H8 邻井压力监测\泸206H8-5-3段压裂施工-1、2、3、4、6、7、8井秒点压力监测.xls,导出数据,2,9202,新解析器未识别，保留旧解析器有效通道
E:\压裂窜扰项目\02 规范化\泸206H8\泸206H8 邻井压力监测\泸206H8-5-4段压裂施工-1、2、3、4、6、7、8井分点压力监测.xls,导出数据,3,156,新解析器未识别，保留旧解析器有效通道
E:\压裂窜扰项目\02 规范化\泸206H8\泸206H8 邻井压力监测\泸206H8-5-4段压裂施工-1、2、3、4、6、7、8井分点压力监测.xls,导出数据,1,156,新解析器未识别，保留旧解析器有效通道
E:\压裂窜扰项目\02 规范化\泸206H8\泸206H8 邻井压力监测\泸206H8-5-4段压裂施工-1、2、3、4、6、7、8井分点压力监测.xls,导出数据,5,156,新解析器未识别，保留旧解析器有效通道
E:\压裂窜扰项目\02 规范化\泸206H8\泸206H8 邻井压力监测\泸206H8-5-4段压裂施工-1、2、3、4、6、7、8井分点压力监测.xls,导出数据,8,156,新解析器未识别，保留旧解析器有效通道
E:\压裂窜扰项目\02 规范化\泸206H8\泸206H8 邻井压力监测\泸206H8-5-4段压裂施工-1、2、3、4、6、7、8井分点压力监测.xls,导出数据,7,156,新解析器未识别，保留旧解析器有效通道
E:\压裂窜扰项目\02 规范化\泸206H8\泸206H8 邻井压力监测\泸206H8-5-4段压裂施工-1、2、3、4、6、7、8井分点压力监测.xls,导出数据,6,156,新解析器未识别，保留旧解析器有效通道
E:\压裂窜扰项目\02 规范化\泸206H8\泸206H8 邻井压力监测\泸206H8-5-4段压裂施工-1、2、3、4、6、7、8井分点压力监测.xls,导出数据,4,156,新解析器未识别，保留旧解析器有效通道
E:\压裂窜扰项目\02 规范化\泸206H8\泸206H8 邻井压力监测\泸206H8-5-4段压裂施工-1、2、3、4、6、7、8井分点压力监测.xls,导出数据,2,156,新解析器未识别，保留旧解析器有效通道
E:\压裂窜扰项目\02 规范化\泸206H8\泸206H8 邻井压力监测\泸206H8-5-4段压裂施工-1、2、3、4、6、7、8井秒点压力监测.xls,导出数据,3,9268,新解析器未识别，保留旧解析器有效通道
E:\压裂窜扰项目\02 规范化\泸206H8\泸206H8 邻井压力监测\泸206H8-5-4段压裂施工-1、2、3、4、6、7、8井秒点压力监测.xls,导出数据,1,9301,新解析器未识别，保留旧解析器有效通道
E:\压裂窜扰项目\02 规范化\泸206H8\泸206H8 邻井压力监测\泸206H8-5-4段压裂施工-1、2、3、4、6、7、8井秒点压力监测.xls,导出数据,5,9285,新解析器未识别，保留旧解析器有效通道
E:\压裂窜扰项目\02 规范化\泸206H8\泸206H8 邻井压力监测\泸206H8-5-4段压裂施工-1、2、3、4、6、7、8井秒点压力监测.xls,导出数据,8,9285,新解析器未识别，保留旧解析器有效通道
E:\压裂窜扰项目\02 规范化\泸206H8\泸206H8 邻井压力监测\泸206H8-5-4段压裂施工-1、2、3、4、6、7、8井秒点压力监测.xls,导出数据,7,9286,新解析器未识别，保留旧解析器有效通道
E:\压裂窜扰项目\02 规范化\泸206H8\泸206H8 邻井压力监测\泸206H8-5-4段压裂施工-1、2、3、4、6、7、8井秒点压力监测.xls,导出数据,6,9285,新解析器未识别，保留旧解析器有效通道
E:\压裂窜扰项目\02 规范化\泸206H8\泸206H8 邻井压力监测\泸206H8-5-4段压裂施工-1、2、3、4、6、7、8井秒点压力监测.xls,导出数据,4,9269,新解析器未识别，保留旧解析器有效通道
E:\压裂窜扰项目\02 规范化\泸206H8\泸206H8 邻井压力监测\泸206H8-5-4段压裂施工-1、2、3、4、6、7、8井秒点压力监测.xls,导出数据,2,9269,新解析器未识别，保留旧解析器有效通道
E:\压裂窜扰项目\02 规范化\泸206H8\泸206H8 邻井压力监测\泸206H8-5-5段压裂施工-1、2、3、4、6、7、8井分点压力监测.xls,导出数据,3,151,新解析器未识别，保留旧解析器有效通道
E:\压裂窜扰项目\02 规范化\泸206H8\泸206H8 邻井压力监测\泸206H8-5-5段压裂施工-1、2、3、4、6、7、8井分点压力监测.xls,导出数据,1,151,新解析器未识别，保留旧解析器有效通道
E:\压裂窜扰项目\02 规范化\泸206H8\泸206H8 邻井压力监测\泸206H8-5-5段压裂施工-1、2、3、4、6、7、8井分点压力监测.xls,导出数据,5,151,新解析器未识别，保留旧解析器有效通道
E:\压裂窜扰项目\02 规范化\泸206H8\泸206H8 邻井压力监测\泸206H8-5-5段压裂施工-1、2、3、4、6、7、8井分点压力监测.xls,导出数据,8,151,新解析器未识别，保留旧解析器有效通道
E:\压裂窜扰项目\02 规范化\泸206H8\泸206H8 邻井压力监测\泸206H8-5-5段压裂施工-1、2、3、4、6、7、8井分点压力监测.xls,导出数据,7,151,新解析器未识别，保留旧解析器有效通道
E:\压裂窜扰项目\02 规范化\泸206H8\泸206H8 邻井压力监测\泸206H8-5-5段压裂施工-1、2、3、4、6、7、8井分点压力监测.xls,导出数据,6,151,新解析器未识别，保留旧解析器有效通道
E:\压裂窜扰项目\02 规范化\泸206H8\泸206H8 邻井压力监测\泸206H8-5-5段压裂施工-1、2、3、4、6、7、8井分点压力监测.xls,导出数据,4,151,新解析器未识别，保留旧解析器有效通道
E:\压裂窜扰项目\02 规范化\泸206H8\泸206H8 邻井压力监测\泸206H8-5-5段压裂施工-1、2、3、4、6、7、8井分点压力监测.xls,导出数据,2,151,新解析器未识别，保留旧解析器有效通道
E:\压裂窜扰项目\02 规范化\泸206H8\泸206H8 邻井压力监测\泸206H8-5-5段压裂施工-1、2、3、4、6、7、8井秒点压力监测.xls,导出数据,3,9001,新解析器未识别，保留旧解析器有效通道
E:\压裂窜扰项目\02 规范化\泸206H8\泸206H8 邻井压力监测\泸206H8-5-5段压裂施工-1、2、3、4、6、7、8井秒点压力监测.xls,导出数据,1,9001,新解析器未识别，保留旧解析器有效通道
E:\压裂窜扰项目\02 规范化\泸206H8\泸206H8 邻井压力监测\泸206H8-5-5段压裂施工-1、2、3、4、6、7、8井秒点压力监测.xls,导出数据,5,8997,新解析器未识别，保留旧解析器有效通道
E:\压裂窜扰项目\02 规范化\泸206H8\泸206H8 邻井压力监测\泸206H8-5-5段压裂施工-1、2、3、4、6、7、8井秒点压力监测.xls,导出数据,8,8997,新解析器未识别，保留旧解析器有效通道
E:\压裂窜扰项目\02 规范化\泸206H8\泸206H8 邻井压力监测\泸206H8-5-5段压裂施工-1、2、3、4、6、7、8井秒点压力监测.xls,导出数据,7,8997,新解析器未识别，保留旧解析器有效通道
E:\压裂窜扰项目\02 规范化\泸206H8\泸206H8 邻井压力监测\泸206H8-5-5段压裂施工-1、2、3、4、6、7、8井秒点压力监测.xls,导出数据,6,8997,新解析器未识别，保留旧解析器有效通道
E:\压裂窜扰项目\02 规范化\泸206H8\泸206H8 邻井压力监测\泸206H8-5-5段压裂施工-1、2、3、4、6、7、8井秒点压力监测.xls,导出数据,4,9001,新解析器未识别，保留旧解析器有效通道
E:\压裂窜扰项目\02 规范化\泸206H8\泸206H8 邻井压力监测\泸206H8-5-5段压裂施工-1、2、3、4、6、7、8井秒点压力监测.xls,导出数据,2,9001,新解析器未识别，保留旧解析器有效通道
E:\压裂窜扰项目\02 规范化\泸206H8\泸206H8 邻井压力监测\泸206H8-5-6段压裂施工-1、2、3、4、6、7、8井分点压力监测.xls,导出数据,3,151,新解析器未识别，保留旧解析器有效通道
E:\压裂窜扰项目\02 规范化\泸206H8\泸206H8 邻井压力监测\泸206H8-5-6段压裂施工-1、2、3、4、6、7、8井分点压力监测.xls,导出数据,1,151,新解析器未识别，保留旧解析器有效通道
E:\压裂窜扰项目\02 规范化\泸206H8\泸206H8 邻井压力监测\泸206H8-5-6段压裂施工-1、2、3、4、6、7、8井分点压力监测.xls,导出数据,5,151,新解析器未识别，保留旧解析器有效通道
E:\压裂窜扰项目\02 规范化\泸206H8\泸206H8 邻井压力监测\泸206H8-5-6段压裂施工-1、2、3、4、6、7、8井分点压力监测.xls,导出数据,8,151,新解析器未识别，保留旧解析器有效通道
E:\压裂窜扰项目\02 规范化\泸206H8\泸206H8 邻井压力监测\泸206H8-5-6段压裂施工-1、2、3、4、6、7、8井分点压力监测.xls,导出数据,7,151,新解析器未识别，保留旧解析器有效通道
E:\压裂窜扰项目\02 规范化\泸206H8\泸206H8 邻井压力监测\泸206H8-5-6段压裂施工-1、2、3、4、6、7、8井分点压力监测.xls,导出数据,6,151,新解析器未识别，保留旧解析器有效通道
E:\压裂窜扰项目\02 规范化\泸206H8\泸206H8 邻井压力监测\泸206H8-5-6段压裂施工-1、2、3、4、6、7、8井分点压力监测.xls,导出数据,4,151,新解析器未识别，保留旧解析器有效通道
E:\压裂窜扰项目\02 规范化\泸206H8\泸206H8 邻井压力监测\泸206H8-5-6段压裂施工-1、2、3、4、6、7、8井分点压力监测.xls,导出数据,2,151,新解析器未识别，保留旧解析器有效通道
E:\压裂窜扰项目\02 规范化\泸206H8\泸206H8 邻井压力监测\泸206H8-5-6段压裂施工-1、2、3、4、6、7、8井秒点压力监测.xls,导出数据,3,8933,新解析器未识别，保留旧解析器有效通道
E:\压裂窜扰项目\02 规范化\泸206H8\泸206H8 邻井压力监测\泸206H8-5-6段压裂施工-1、2、3、4、6、7、8井秒点压力监测.xls,导出数据,1,9001,新解析器未识别，保留旧解析器有效通道
E:\压裂窜扰项目\02 规范化\泸206H8\泸206H8 邻井压力监测\泸206H8-5-6段压裂施工-1、2、3、4、6、7、8井秒点压力监测.xls,导出数据,5,8983,新解析器未识别，保留旧解析器有效通道
E:\压裂窜扰项目\02 规范化\泸206H8\泸206H8 邻井压力监测\泸206H8-5-6段压裂施工-1、2、3、4、6、7、8井秒点压力监测.xls,导出数据,8,8983,新解析器未识别，保留旧解析器有效通道
E:\压裂窜扰项目\02 规范化\泸206H8\泸206H8 邻井压力监测\泸206H8-5-6段压裂施工-1、2、3、4、6、7、8井秒点压力监测.xls,导出数据,7,8983,新解析器未识别，保留旧解析器有效通道
E:\压裂窜扰项目\02 规范化\泸206H8\泸206H8 邻井压力监测\泸206H8-5-6段压裂施工-1、2、3、4、6、7、8井秒点压力监测.xls,导出数据,6,8983,新解析器未识别，保留旧解析器有效通道
E:\压裂窜扰项目\02 规范化\泸206H8\泸206H8 邻井压力监测\泸206H8-5-6段压裂施工-1、2、3、4、6、7、8井秒点压力监测.xls,导出数据,4,8958,新解析器未识别，保留旧解析器有效通道
E:\压裂窜扰项目\02 规范化\泸206H8\泸206H8 邻井压力监测\泸206H8-5-6段压裂施工-1、2、3、4、6、7、8井秒点压力监测.xls,导出数据,2,8958,新解析器未识别，保留旧解析器有效通道
E:\压裂窜扰项目\02 规范化\泸206H8\泸206H8 邻井压力监测\泸206H8-5-7段压裂施工-1、2、3、4、6、7、8井秒点压力监测.xls,导出数据,3,8812,新解析器未识别，保留旧解析器有效通道
E:\压裂窜扰项目\02 规范化\泸206H8\泸206H8 邻井压力监测\泸206H8-5-7段压裂施工-1、2、3、4、6、7、8井秒点压力监测.xls,导出数据,1,8881,新解析器未识别，保留旧解析器有效通道
E:\压裂窜扰项目\02 规范化\泸206H8\泸206H8 邻井压力监测\泸206H8-5-7段压裂施工-1、2、3、4、6、7、8井秒点压力监测.xls,导出数据,5,8881,新解析器未识别，保留旧解析器有效通道
E:\压裂窜扰项目\02 规范化\泸206H8\泸206H8 邻井压力监测\泸206H8-5-7段压裂施工-1、2、3、4、6、7、8井秒点压力监测.xls,导出数据,8,8881,新解析器未识别，保留旧解析器有效通道
E:\压裂窜扰项目\02 规范化\泸206H8\泸206H8 邻井压力监测\泸206H8-5-7段压裂施工-1、2、3、4、6、7、8井秒点压力监测.xls,导出数据,7,8881,新解析器未识别，保留旧解析器有效通道
E:\压裂窜扰项目\02 规范化\泸206H8\泸206H8 邻井压力监测\泸206H8-5-7段压裂施工-1、2、3、4、6、7、8井秒点压力监测.xls,导出数据,6,8881,新解析器未识别，保留旧解析器有效通道
E:\压裂窜扰项目\02 规范化\泸206H8\泸206H8 邻井压力监测\泸206H8-5-7段压裂施工-1、2、3、4、6、7、8井秒点压力监测.xls,导出数据,4,8822,新解析器未识别，保留旧解析器有效通道
E:\压裂窜扰项目\02 规范化\泸206H8\泸206H8 邻井压力监测\泸206H8-5-7段压裂施工-1、2、3、4、6、7、8井秒点压力监测.xls,导出数据,2,8822,新解析器未识别，保留旧解析器有效通道
E:\压裂窜扰项目\02 规范化\泸206H8\泸206H8 邻井压力监测\泸206H8-5-7段压裂施工-1、2、4、6、7、8井分点压力监测.xls,导出数据,1,149,新解析器未识别，保留旧解析器有效通道
E:\压裂窜扰项目\02 规范化\泸206H8\泸206H8 邻井压力监测\泸206H8-5-7段压裂施工-1、2、4、6、7、8井分点压力监测.xls,导出数据,5,149,新解析器未识别，保留旧解析器有效通道
E:\压裂窜扰项目\02 规范化\泸206H8\泸206H8 邻井压力监测\泸206H8-5-7段压裂施工-1、2、4、6、7、8井分点压力监测.xls,导出数据,8,149,新解析器未识别，保留旧解析器有效通道
E:\压裂窜扰项目\02 规范化\泸206H8\泸206H8 邻井压力监测\泸206H8-5-7段压裂施工-1、2、4、6、7、8井分点压力监测.xls,导出数据,7,149,新解析器未识别，保留旧解析器有效通道
E:\压裂窜扰项目\02 规范化\泸206H8\泸206H8 邻井压力监测\泸206H8-5-7段压裂施工-1、2、4、6、7、8井分点压力监测.xls,导出数据,6,149,新解析器未识别，保留旧解析器有效通道
E:\压裂窜扰项目\02 规范化\泸206H8\泸206H8 邻井压力监测\泸206H8-5-7段压裂施工-1、2、4、6、7、8井分点压力监测.xls,导出数据,4,149,新解析器未识别，保留旧解析器有效通道
E:\压裂窜扰项目\02 规范化\泸206H8\泸206H8 邻井压力监测\泸206H8-5-7段压裂施工-1、2、4、6、7、8井分点压力监测.xls,导出数据,2,149,新解析器未识别，保留旧解析器有效通道
E:\压裂窜扰项目\02 规范化\泸206H8\泸206H8 邻井压力监测\泸206H8_邻井压力数据_2.3井分点.xls,导出数据,3,319,新解析器未识别，保留旧解析器有效通道
E:\压裂窜扰项目\02 规范化\泸206H8\泸206H8 邻井压力监测\泸206H8_邻井压力数据_2.3井分点.xls,导出数据,2,319,新解析器未识别，保留旧解析器有效通道
E:\压裂窜扰项目\02 规范化\泸206H8\泸206H8 邻井压力监测\泸206H8_邻井压力数据_2.3井秒点.xls,导出数据,3,19080,新解析器未识别，保留旧解析器有效通道
E:\压裂窜扰项目\02 规范化\泸206H8\泸206H8 邻井压力监测\泸206H8_邻井压力数据_2.3井秒点.xls,导出数据,2,19077,新解析器未识别，保留旧解析器有效通道
E:\压裂窜扰项目\02 规范化\阳101H25\阳101H25 邻井压力监测\阳101H25_邻井压力监测数据_邻井压力监测数据_压窜模板1井.xlsx,1-28 (3),8,12811,新解析器未识别，保留旧解析器有效通道
E:\压裂窜扰项目\02 规范化\阳101H31\阳101H31 邻井压力监测\1井_8_12：07-17：00.xlsx,Sheet1,5,1,新解析器未识别，保留旧解析器有效通道
E:\压裂窜扰项目\02 规范化\阳101H31\阳101H31 邻井压力监测\阳101H31--井第4段压裂期间阳101H25-5井压力数据.csv,text,5,1,新解析器未识别，保留旧解析器有效通道
E:\压裂窜扰项目\02 规范化\阳101H31\阳101H31 邻井压力监测\阳101H31平台1井第3段压裂期间阳101H25-5井压力秒点数据(1).csv,text,5,1,新解析器未识别，保留旧解析器有效通道
E:\压裂窜扰项目\02 规范化\阳101H31\阳101H31 邻井压力监测\阳101H31平台2井第3段压裂期间阳101H25平台压力秒点数据.csv,text,2,1,新解析器未识别，保留旧解析器有效通道
E:\压裂窜扰项目\02 规范化\阳101H31\阳101H31 邻井压力监测\阳101H31平台2井第3段压裂期间阳101H25平台压力秒点数据.csv,text,3,1,新解析器未识别，保留旧解析器有效通道
E:\压裂窜扰项目\02 规范化\阳101H31\阳101H31 邻井压力监测\阳101H31平台2井第3段压裂期间阳101H25平台压力秒点数据.csv,text,4,1,新解析器未识别，保留旧解析器有效通道
E:\压裂窜扰项目\02 规范化\阳101H31\阳101H31 邻井压力监测\阳101H31平台2井第3段压裂期间阳101H25平台压力秒点数据.csv,text,1,1,新解析器未识别，保留旧解析器有效通道
E:\压裂窜扰项目\02 规范化\阳101H31\阳101H31 邻井压力监测\阳101H31平台2井第3段压裂期间阳101H25平台压力秒点数据.csv,text,5,1,新解析器未识别，保留旧解析器有效通道
E:\压裂窜扰项目\02 规范化\阳101H31\阳101H31 邻井压力监测\阳101H31平台2井第3段压裂期间阳101H25平台压力秒点数据.csv,text,6,1,新解析器未识别，保留旧解析器有效通道
E:\压裂窜扰项目\02 规范化\阳101H32\阳101H32 邻井压力监测\阳101H32-2-14段压裂施工-4、6井分点压力监测.xlsx,导出数据,4,259,新解析器未识别，保留旧解析器有效通道
E:\压裂窜扰项目\02 规范化\阳101H32\阳101H32 邻井压力监测\阳101H32-2-14段压裂施工-4、6井分点压力监测.xlsx,导出数据,6,259,新解析器未识别，保留旧解析器有效通道
E:\压裂窜扰项目\02 规范化\阳101H32\阳101H32 邻井压力监测\阳101H32-2-7段压裂施工-4、6井分点压力监测.xlsx,导出数据,4,275,新解析器未识别，保留旧解析器有效通道
E:\压裂窜扰项目\02 规范化\阳101H32\阳101H32 邻井压力监测\阳101H32-2-7段压裂施工-4、6井分点压力监测.xlsx,导出数据,6,275,新解析器未识别，保留旧解析器有效通道
E:\压裂窜扰项目\02 规范化\阳101H32\阳101H32 邻井压力监测\阳101H32-2-9段压裂施工-4、6井分点压力监测.xlsx,导出数据,4,236,新解析器未识别，保留旧解析器有效通道
E:\压裂窜扰项目\02 规范化\阳101H32\阳101H32 邻井压力监测\阳101H32-2-9段压裂施工-4、6井分点压力监测.xlsx,导出数据,6,236,新解析器未识别，保留旧解析器有效通道
E:\压裂窜扰项目\02 规范化\阳101H32\阳101H32 邻井压力监测\阳101H32-4-11段压裂施工-6井秒点压力监测.xlsx,导出数据,6,13141,新解析器未识别，保留旧解析器有效通道
E:\压裂窜扰项目\02 规范化\阳101H32\阳101H32 邻井压力监测\阳101H32-4-13段压裂施工-6井秒点压力监测.xlsx,导出数据,6,18721,新解析器未识别，保留旧解析器有效通道
E:\压裂窜扰项目\02 规范化\阳101H32\阳101H32 邻井压力监测\阳101H32-4-14段压裂施工-6井秒点压力监测.xlsx,导出数据,6,17941,新解析器未识别，保留旧解析器有效通道
E:\压裂窜扰项目\02 规范化\阳101H32\阳101H32 邻井压力监测\阳101H32-4-16段压裂施工-6井分点压力监测.xlsx,导出数据,6,290,新解析器未识别，保留旧解析器有效通道
E:\压裂窜扰项目\02 规范化\阳101H32\阳101H32 邻井压力监测\阳101H32-4-1段压裂施工-5井秒点压力监测.xlsx,导出数据,5,8461,新解析器未识别，保留旧解析器有效通道
E:\压裂窜扰项目\02 规范化\阳101H32\阳101H32 邻井压力监测\阳101H32-4-5段压裂施工-2、6井秒点压力监测.xlsx,导出数据,6,13621,新解析器未识别，保留旧解析器有效通道
E:\压裂窜扰项目\02 规范化\阳101H32\阳101H32 邻井压力监测\阳101H32-4-5段压裂施工-2、6井秒点压力监测.xlsx,导出数据,2,13621,新解析器未识别，保留旧解析器有效通道
E:\压裂窜扰项目\02 规范化\阳101H32\阳101H32 邻井压力监测\阳101H32-4-8段压裂施工-6井秒点压力监测.xlsx,导出数据,6,15181,新解析器未识别，保留旧解析器有效通道
E:\压裂窜扰项目\02 规范化\阳101H32\阳101H32 邻井压力监测\阳101H32-6-10段压裂施工-2、5井秒点压力监测.xlsx,导出数据,5,9661,新解析器未识别，保留旧解析器有效通道
E:\压裂窜扰项目\02 规范化\阳101H32\阳101H32 邻井压力监测\阳101H32-6-10段压裂施工-2、5井秒点压力监测.xlsx,导出数据,2,9661,新解析器未识别，保留旧解析器有效通道
E:\压裂窜扰项目\02 规范化\阳101H32\阳101H32 邻井压力监测\阳101H32-6-5段压裂施工-11、14井压力监测.xlsx,图,11,25,新解析器未识别，保留旧解析器有效通道
E:\压裂窜扰项目\02 规范化\阳101H43\阳101H43 邻井压力监测\阳101H43-2井压力上涨秒点数据-2.xls,导出数据,2,11472,新解析器未识别，保留旧解析器有效通道
E:\压裂窜扰项目\02 规范化\阳101H43\阳101H43 邻井压力监测\阳101H43-2井压力上涨秒点数据.xls,导出数据,2,8523,新解析器未识别，保留旧解析器有效通道
E:\压裂窜扰项目\02 规范化\阳101H43\阳101H43 邻井压力监测\阳101H43-2及-4井压力上涨秒点数据.xls,导出数据,2,12541,新解析器未识别，保留旧解析器有效通道
E:\压裂窜扰项目\02 规范化\阳101H43\阳101H43 邻井压力监测\阳101H43-2及-4井压力上涨秒点数据.xls,导出数据,4,12541,新解析器未识别，保留旧解析器有效通道
E:\压裂窜扰项目\02 规范化\阳101H6\阳101H6 邻井压力监测\阳101H6-6-5段压裂施工-5井套压压力监测.xls,导出数据,5,14401,新解析器未识别，保留旧解析器有效通道
E:\压裂窜扰项目\02 规范化\阳101H6\阳101H6 邻井压力监测\阳101H6-7-11段压裂施工-8井套压压力监测.xls,导出数据,8,10501,新解析器未识别，保留旧解析器有效通道
E:\压裂窜扰项目\02 规范化\阳101H6\阳101H6 邻井压力监测\阳101H6-7-11段压裂施工-8井套压压力监测.xls,导出数据,7,10501,新解析器未识别，保留旧解析器有效通道
E:\压裂窜扰项目\02 规范化\阳101H6\阳101H6 邻井压力监测\阳101H6-8-12段压裂施工-7井套压压力监测.xls,导出数据,7,8101,新解析器未识别，保留旧解析器有效通道
E:\压裂窜扰项目\02 规范化\阳101H6\阳101H6 邻井压力监测\阳101H6-8-12段压裂施工-7井套压压力监测.xls,导出数据,8,8101,新解析器未识别，保留旧解析器有效通道
E:\压裂窜扰项目\02 规范化\阳101H6\阳101H6 邻井压力监测\阳101H6-8-24段压裂施工-7井秒点压力监测.xls,导出数据,7,6001,新解析器未识别，保留旧解析器有效通道
E:\压裂窜扰项目\02 规范化\阳101H6\阳101H6 邻井压力监测\阳101H6-8-26段压裂施工-7井秒点压力监测.xls,导出数据,7,4861,新解析器未识别，保留旧解析器有效通道
E:\压裂窜扰项目\02 规范化\阳101H6\阳101H6 邻井压力监测\阳101H6-8-27段压裂施工-7井秒点压力监测.xls,导出数据,7,9301,新解析器未识别，保留旧解析器有效通道
E:\压裂窜扰项目\02 规范化\阳101H6\阳101H6 邻井压力监测\阳101H6-8-28段压裂施工-7井秒点压力监测.xls,导出数据,7,10681,新解析器未识别，保留旧解析器有效通道
E:\压裂窜扰项目\02 规范化\阳101H6\阳101H6 邻井压力监测\阳101H6-8-29段压裂施工-7井秒点压力监测.xls,导出数据,7,10021,新解析器未识别，保留旧解析器有效通道
