k,replicate,ari,n
3,0,0.9949930288614882,2571
3,1,0.9669429046089714,2472
3,2,0.9986230486725369,2619
3,3,0.9913374177093227,2561
3,4,0.9924492543601303,2606
3,5,0.9953780845146167,2589
3,6,0.9861323334151018,2619
3,7,0.9490312797843082,2596
3,8,0.9865645772840875,2580
3,9,0.9992006280736471,2633
3,10,0.9938158590342154,2443
3,11,0.9469194745710697,2612
3,12,0.9895537949128257,2433
3,13,0.9819840119595704,2593
3,14,0.9972274545360167,2591
3,15,0.993202766802049,2636
3,16,0.9176751457504222,2618
3,17,0.9436229151840061,2586
3,18,0.9912643888568022,2609
3,19,0.9939886364835158,2444
3,20,0.8981459022276327,2595
3,21,0.941689857962266,2635
3,22,0.9461153860947128,2638
3,23,0.9479213489011994,2609
3,24,0.989832747191917,2591
3,25,0.9617704945933485,2630
3,26,0.9724321860109006,2468
3,27,0.9639538432486455,2624
3,28,0.9881025195189029,2484
3,29,0.963612849820976,2602
3,30,0.9530442433069289,2574
3,31,0.9956078314543566,2587
3,32,0.9762053829929369,2564
3,33,0.9203404280687077,2647
3,34,0.9519609121455826,2584
3,35,0.9856635020352462,2580
3,36,0.9011113307939784,2621
3,37,0.986178418546043,2571
3,38,0.9970311649614726,2627
3,39,0.8746983143269745,2588
3,40,0.9936841805008577,2603
3,41,0.9947926663436121,2598
3,42,0.9932284881109659,2619
3,43,0.985166718704106,2460
3,44,0.9958224713123901,2577
3,45,0.9419084669038532,2597
3,46,0.9969986082347552,2581
3,47,0.9183765049073656,2604
3,48,0.9970258376378709,2621
3,49,0.9484845620131367,2632
3,50,0.9845490619091839,2460
3,51,0.9178885334172484,2454
3,52,0.9934354612399731,2585
3,53,0.9921196872430336,2617
3,54,0.9512422265077436,2579
3,55,0.9962026236846291,2583
3,56,0.997565954753603,2587
3,57,0.9156249947151099,2615
3,58,0.9975759263166676,2590
3,59,0.9477981344964251,2609
3,60,0.9936952166419946,2490
3,61,0.9141661031058923,2605
3,62,0.9848971261445454,2597
3,63,0.9867316233834161,2583
3,64,0.99580220784419,2578
3,65,0.9867407540195463,2602
3,66,0.9458889890860359,2595
3,67,0.9983745247080777,2624
3,68,0.9806696544183278,2597
3,69,0.9953882139442779,2599
3,70,0.9357794405588108,2624
3,71,0.9855047651240474,2588
3,72,0.8965196152642291,2602
3,73,0.9929041757364054,2614
3,74,0.9779352375616769,2615
3,75,0.9923110299020531,2605
3,76,0.9899874165034739,2632
3,77,0.9923116593231047,2574
3,78,0.9950554484155514,2608
3,79,0.9962029109143309,2590
3,80,0.9894431225582063,2643
3,81,0.9983935162294794,2601
3,82,0.9161366226273587,2616
3,83,0.995094580731214,2622
3,84,0.9901388910713577,2621
3,85,0.9518568056731713,2628
3,86,0.9964726850681426,2634
3,87,0.9391004615105301,2605
3,88,0.9727978846416591,2599
3,89,0.9739115840186208,2483
3,90,0.984486298458386,2576
3,91,0.992211276943995,2581
3,92,0.9978017815393567,2601
3,93,0.9942728576534297,2622
3,94,0.9420660303882387,2639
3,95,0.9438323843268037,2599
3,96,0.998613636255075,2586
3,97,0.991684605289948,2446
3,98,0.9921353368586049,2634
3,99,0.9833492367452237,2612
4,0,0.9694059057185951,2571
4,1,0.8059838686105815,2472
4,2,0.9595929007110293,2619
4,3,0.9092701363833622,2561
4,4,0.9765978040795515,2606
4,5,0.9888890104212644,2589
4,6,0.9655633143926861,2619
4,7,0.9614404652218698,2596
4,8,0.9876138200569313,2580
4,9,0.9014413288868127,2633
4,10,0.9182569466889756,2443
4,11,0.9756882020164386,2612
4,12,0.9113105822624702,2433
4,13,0.987440956369152,2593
4,14,0.9821710260927862,2591
4,15,0.9718941105701557,2636
4,16,0.9187352804225665,2618
4,17,0.9283235601918508,2586
4,18,0.9868885871214839,2609
4,19,0.9818058586390718,2444
4,20,0.9708868717566984,2595
4,21,0.9853735113488382,2635
4,22,0.981757335617027,2638
4,23,0.9774180361211022,2609
4,24,0.9791265836855896,2591
4,25,0.977983212049968,2630
4,26,0.961610337565367,2468
4,27,0.9451293859476897,2624
4,28,0.9297371788143756,2484
4,29,0.8820763698002353,2602
4,30,0.9949880433089563,2574
4,31,0.9670245141448467,2587
4,32,0.8987236865942362,2564
4,33,0.8891415621381517,2647
4,34,0.9906140348125616,2584
4,35,0.9288645417872727,2580
4,36,0.9864662383349099,2621
4,37,0.9520405550947372,2571
4,38,0.9475493067449692,2627
4,39,0.9737281854853884,2588
4,40,0.9898826396048958,2603
4,41,0.9527699834047317,2598
4,42,0.9621769061910196,2619
4,43,0.9199824096688152,2460
4,44,0.8930441720097358,2577
4,45,0.9715920753377426,2597
4,46,0.9481925203629752,2581
4,47,0.9827835003949588,2604
4,48,0.897116344192308,2621
4,49,0.9910427559855548,2632
4,50,0.9923627984362956,2460
4,51,0.9966692601381453,2454
4,52,0.9818179597001623,2585
4,53,0.8988953427242315,2617
4,54,0.9803075563564212,2579
4,55,0.9365643410741713,2583
4,56,0.8811541448734932,2587
4,57,0.9854807721667781,2615
4,58,0.936236132611999,2590
4,59,0.9114619244898681,2609
4,60,0.9817252149287365,2490
4,61,0.987171956975743,2605
4,62,0.9852330095634255,2597
4,63,0.95659904022907,2583
4,64,0.9730738739901412,2578
4,65,0.9554269350460033,2602
4,66,0.9842507948204867,2595
4,67,0.9879881296911736,2624
4,68,0.9514087766035941,2597
4,69,0.9462125903862013,2599
4,70,0.9843422082257307,2624
4,71,0.9792869999620836,2588
4,72,0.9161851259561716,2602
4,73,0.6694821565671243,2614
4,74,0.9645684677452505,2615
4,75,0.9862048051125505,2605
4,76,0.9920247292983004,2632
4,77,0.9748864236329073,2574
4,78,0.9791788995408656,2608
4,79,0.9861111012824005,2590
4,80,0.9410822574889923,2643
4,81,0.9427320188789569,2601
4,82,0.973405766650522,2616
4,83,0.9490076341469149,2622
4,84,0.9141832796188154,2621
4,85,0.9948349150936819,2628
4,86,0.9781650900861687,2634
4,87,0.9761459384240146,2605
4,88,0.9713595011731178,2599
4,89,0.989100050930759,2483
4,90,0.9155166345732715,2576
4,91,0.9460342739474485,2581
4,92,0.9470683032299103,2601
4,93,0.9938548337635745,2622
4,94,0.990927927394198,2639
4,95,0.9418452267725627,2599
4,96,0.9822406128718817,2586
4,97,0.9901597930524809,2446
4,98,0.9910046474212661,2634
4,99,0.9037436870086579,2612
5,0,0.9574578266373206,2571
5,1,0.9540368139821515,2472
5,2,0.9515134070535994,2619
5,3,0.952030327381854,2561
5,4,0.9718238972304043,2606
5,5,0.9561078446056939,2589
5,6,0.9714636254872524,2619
5,7,0.9632241447018552,2596
5,8,0.9659936480987212,2580
5,9,0.9548209806382653,2633
5,10,0.9805170656664974,2443
5,11,0.9789207782009219,2612
5,12,0.8984150867296142,2433
5,13,0.9895285807458014,2593
5,14,0.9696890650818439,2591
5,15,0.9601407386740519,2636
5,16,0.9499083970110533,2618
5,17,0.9575905368132183,2586
5,18,0.9572681045368525,2609
5,19,0.9009288726394901,2444
5,20,0.9772588355345782,2595
5,21,0.960344866985515,2635
5,22,0.9821937852234063,2638
5,23,0.9717188382815505,2609
5,24,0.9741240399912757,2591
5,25,0.9774016080019657,2630
5,26,0.9897524356734305,2468
5,27,0.981934185313025,2624
5,28,0.9516803363334512,2484
5,29,0.9424771109846651,2602
5,30,0.9689164595720957,2574
5,31,0.9575177939895201,2587
5,32,0.9551103774127628,2564
5,33,0.9455164144617096,2647
5,34,0.9696073667700226,2584
5,35,0.9800266574528333,2580
5,36,0.962486324339581,2621
5,37,0.9429302427310308,2571
5,38,0.9593996249449673,2627
5,39,0.9746495709580328,2588
5,40,0.9666727833892697,2603
5,41,0.9673271961638022,2598
5,42,0.9568162308017668,2619
5,43,0.9569352891078208,2460
5,44,0.9432207259881541,2577
5,45,0.983911680886204,2597
5,46,0.9543814149043199,2581
5,47,0.974706561224782,2604
5,48,0.9592937638631016,2621
5,49,0.9642689548259008,2632
5,50,0.9449024216858478,2460
5,51,0.978551341459389,2454
5,52,0.9797239214660348,2585
5,53,0.9341989289753048,2617
5,54,0.9478935082652471,2579
5,55,0.9771414758218853,2583
5,56,0.937511004512658,2587
5,57,0.9702100192462862,2615
5,58,0.9860721968342286,2590
5,59,0.9895589741581364,2609
5,60,0.9599392353346752,2490
5,61,0.9717038219871807,2605
5,62,0.9495725497005432,2597
5,63,0.9496772073591154,2583
5,64,0.9523554639887852,2578
5,65,0.9637557645790892,2602
5,66,0.9712350011228837,2595
5,67,0.9640987365673157,2624
5,68,0.9923124194117159,2597
5,69,0.9281560480724874,2599
5,70,0.9885995858040209,2624
5,71,0.9840577598884629,2588
5,72,0.9767903497080141,2602
5,73,0.9874905305029325,2614
5,74,0.9639708207597075,2615
5,75,0.987389128507242,2605
5,76,0.9916787387799627,2632
5,77,0.95363634389815,2574
5,78,0.9447527239701003,2608
5,79,0.9920399818785415,2590
5,80,0.9781533012480499,2643
5,81,0.9894054329976727,2601
5,82,0.9699021299935878,2616
5,83,0.9721999160203597,2622
5,84,0.9499862285052446,2621
5,85,0.9739022593636968,2628
5,86,0.9771351898401598,2634
5,87,0.9826512092302737,2605
5,88,0.9858794661421295,2599
5,89,0.9420180989538457,2483
5,90,0.9512419659041034,2576
5,91,0.9848801118940514,2581
5,92,0.983962530252321,2601
5,93,0.9605682945333147,2622
5,94,0.9950759090391669,2639
5,95,0.9707610468079585,2599
5,96,0.9856125612259562,2586
5,97,0.9899896369636447,2446
5,98,0.9599507377689896,2634
5,99,0.959084987992002,2612
