code,name,model_row,sample_id,file,sheet
1,涨幅微弱型,1362,6bb07c21740dac,E:\压裂窜扰项目\02 规范化\阳101H32\阳101H32 邻井压力监测\阳101H32-4-8段压裂施工-1、2、3、5、6、7井压力监测.xlsx,1.邻井压力监测表
2,快速稳定型,2508,c80510f7ff8edf,E:\压裂窜扰项目\02 规范化\泸203H76\泸203H76 邻井压力监测\泸203H76平台-3井-10段压裂施工-1、2、4井秒点压力监测.xls,历史数据
3,渐进上升型,1070,54dc6a40f31e5f,E:\压裂窜扰项目\02 规范化\阳101H31\阳101H31 邻井压力监测\2井_12_2025.5.21分点.xls,text
4,稳定缓升型,2162,acd2cb26300a51,E:\压裂窜扰项目\02 规范化\阳101H51\阳101H51 邻井压力监测\阳101H51-2-15段压裂施工-1、3、4井秒点压力监测.xlsx,历史数据
5,先降后升型,1114,589202bdf33474,E:\压裂窜扰项目\02 规范化\泸203H64\泸203H64 邻井压力监测\泸203H64-4-12段压裂施工-1、2、3、5井秒点压力监测.xls,导出数据
6,后期加速上升型,1855,958eb003d98ad2,E:\压裂窜扰项目\02 规范化\阳101H51\阳101H51 邻井压力监测\阳101H51-1-16段压裂施工-2、3井秒点压力监测.xlsx,阳101H51-1井16段压裂施工期间2井、3井压力秒点数据（
7,冲高回落型,877,466aba89b68ff4,E:\压裂窜扰项目\02 规范化\泸203H64\泸203H64 邻井压力监测\泸203H64平台压裂期间泸203H58平台邻井压力、液、气监测表 - 10.29(1).xlsx,1.邻井压力监测表
8,降压主导型,809,415b90b7f7dde0,E:\压裂窜扰项目\02 规范化\阳101H35\阳101H35 邻井压力监测\1井压裂期间邻井压力检测_1井第2段 压裂质量数量监控表（邻井压力、井口、砂量）.xlsx,1.邻井压力监测表
9,复杂波动或待判型,3117,f9eb8fbfc9eb11,E:\压裂窜扰项目\02 规范化\阳101H31\阳101H31 邻井压力监测\5井_5井第16段压裂期间467井套压秒点数据.xlsx,85
