method,k,replicate,n,ari_to_full,ari_adjacent_overlap
DTW_kmedoids,2,0,422,1.0,
DTW_kmedoids,2,1,413,0.9098607599085347,0.9176513563420544
DTW_kmedoids,2,2,419,0.9802803302815377,0.8688119658704473
DTW_kmedoids,2,3,414,0.9205679652655361,0.9066343970044551
DTW_kmedoids,2,4,417,0.9901419237383159,0.9057475130282087
DTW_kmedoids,2,5,418,1.0,1.0
DTW_kmedoids,2,6,420,1.0,1.0
DTW_kmedoids,2,7,417,0.9803182269609649,0.9767250490304783
DTW_kmedoids,2,8,415,1.0,0.9762353315233614
DTW_kmedoids,2,9,421,1.0,1.0
DTW_kmedoids,2,10,416,1.0,1.0
DTW_kmedoids,2,11,416,0.9900348408810433,1.0
DTW_kmedoids,2,12,416,1.0,0.9880605131606238
DTW_kmedoids,2,13,417,1.0,1.0
DTW_kmedoids,2,14,416,0.979996995951408,0.9756447833548674
DTW_kmedoids,2,15,418,1.0,0.9880187509580555
DTW_kmedoids,2,16,414,0.9207190342113647,0.9307699367846366
DTW_kmedoids,2,17,415,0.9800951794467477,0.9047320931876328
DTW_kmedoids,2,18,418,0.9802421508789969,1.0
DTW_kmedoids,2,19,416,1.0,0.9764998430160952
DTW_kmedoids,2,20,411,0.9898865189405834,0.9878206071312297
DTW_kmedoids,2,21,420,1.0,0.9878536657160755
DTW_kmedoids,2,22,423,1.0,1.0
DTW_kmedoids,2,23,416,1.0,1.0
DTW_kmedoids,2,24,412,0.9798070263580693,0.9875989195228881
DTW_kmedoids,2,25,416,0.9900348408810433,0.9881005826872117
DTW_kmedoids,2,26,414,0.9800242230404239,0.9875717328429217
DTW_kmedoids,2,27,412,0.9899720402384485,0.9879817701649013
DTW_kmedoids,2,28,416,0.9302235423550057,0.9393135114159363
DTW_kmedoids,2,29,418,0.9900027077342464,0.9513324427258861
DTW_kmedoids,2,30,410,0.9798667683331472,0.9878144902424176
DTW_kmedoids,2,31,413,0.9800477175273204,1.0
DTW_kmedoids,2,32,418,0.9803018930238451,1.0
DTW_kmedoids,2,33,422,1.0,0.9884370739004555
DTW_kmedoids,2,34,414,0.9899450028457984,1.0
DTW_kmedoids,2,35,411,0.9798399428605923,1.0
DTW_kmedoids,2,36,413,0.9799521912469742,1.0
DTW_kmedoids,2,37,413,1.0,0.9752285689254948
DTW_kmedoids,2,38,417,0.9117695431021261,0.903895009925992
DTW_kmedoids,2,39,415,1.0,0.9053485934845517
DTW_kmedoids,2,40,416,0.9398462323649016,0.9393991579906109
DTW_kmedoids,2,41,414,1.0,0.9396903819786583
DTW_kmedoids,2,42,418,0.9311624603881102,0.9391704730404876
DTW_kmedoids,2,43,416,1.0,0.9295075798261087
DTW_kmedoids,2,44,418,0.9311624603881102,0.929307167986681
DTW_kmedoids,2,45,418,1.0,0.9407757964341751
DTW_kmedoids,2,46,414,1.0,1.0
DTW_kmedoids,2,47,415,0.940570730034343,0.9273137272107346
DTW_kmedoids,2,48,423,0.9804307542317916,0.9173904189736668
DTW_kmedoids,2,49,418,0.9108567995377943,0.8842085472164875
DTW_kmedoids,2,50,418,1.0,0.9051067935649488
DTW_kmedoids,2,51,415,0.9899989906437213,0.9876543154904716
DTW_kmedoids,2,52,422,1.0,0.988327561888376
DTW_kmedoids,2,53,419,0.9802156741355139,0.9766483653169464
DTW_kmedoids,2,54,411,1.0,0.9758073396492586
DTW_kmedoids,2,55,412,0.9100860976708992,0.913544425190709
DTW_kmedoids,2,56,420,1.0,0.903895009925992
DTW_kmedoids,2,57,416,0.9900011689511828,0.9880187509580555
DTW_kmedoids,2,58,416,1.0,1.0
DTW_kmedoids,2,59,418,0.9400602837995734,0.9522262341070344
DTW_kmedoids,2,60,413,0.9501201373905535,1.0
DTW_kmedoids,2,61,409,0.9094021418719479,0.9754019144891641
DTW_kmedoids,2,62,419,1.0,0.9042867913961593
DTW_kmedoids,2,63,415,0.9899269238147681,1.0
DTW_kmedoids,2,64,419,1.0,0.9878561253241738
DTW_kmedoids,2,65,411,0.9800254992664433,0.9760026106728275
DTW_kmedoids,2,66,422,1.0,0.9766373488923311
DTW_kmedoids,2,67,412,1.0,1.0
DTW_kmedoids,2,68,416,1.0,1.0
DTW_kmedoids,2,69,419,1.0,1.0
DTW_kmedoids,2,70,414,0.9801729497978927,0.976366010038406
DTW_kmedoids,2,71,416,1.0,0.976366010038406
DTW_kmedoids,2,72,417,1.0,1.0
DTW_kmedoids,2,73,416,1.0,1.0
DTW_kmedoids,2,74,409,1.0,1.0
DTW_kmedoids,2,75,414,0.9801167943658189,0.9753895251030484
DTW_kmedoids,2,76,419,1.0,0.9762244371611672
DTW_kmedoids,2,77,416,1.0,1.0
DTW_kmedoids,2,78,419,0.9901392523780945,0.9881602226875802
DTW_kmedoids,2,79,415,1.0,1.0
DTW_kmedoids,2,80,416,0.9801951605599568,0.9879018124495673
DTW_kmedoids,2,81,414,1.0,0.9762678913912192
DTW_kmedoids,2,82,412,1.0,1.0
DTW_kmedoids,2,83,414,1.0,1.0
DTW_kmedoids,2,84,413,1.0,1.0
DTW_kmedoids,2,85,417,0.9901004859046971,0.9877921641204039
DTW_kmedoids,2,86,417,0.9802037383139083,0.9880732247963229
DTW_kmedoids,2,87,418,0.9900027077342464,1.0
DTW_kmedoids,2,88,411,0.9799064978514787,1.0
DTW_kmedoids,2,89,421,0.9902063866455696,0.9878054402879101
DTW_kmedoids,2,90,411,1.0,0.9879450690149283
DTW_kmedoids,2,91,416,1.0,1.0
DTW_kmedoids,2,92,415,0.9205569160628,0.9068390605364649
DTW_kmedoids,2,93,425,0.980504616075882,0.8951276413864575
DTW_kmedoids,2,94,417,1.0,0.9884099893748115
DTW_kmedoids,2,95,417,1.0,1.0
DTW_kmedoids,2,96,417,1.0,1.0
DTW_kmedoids,2,97,420,0.9901113125671104,1.0
DTW_kmedoids,2,98,413,0.9209906989511878,0.8946911511624697
DTW_kmedoids,2,99,418,1.0,0.9165239613400182
DTW_kmedoids,3,0,422,0.751940997712466,
DTW_kmedoids,3,1,413,0.8837499326028105,0.8077214619875214
DTW_kmedoids,3,2,419,0.8862319489868434,1.0
DTW_kmedoids,3,3,414,0.7784081337114944,0.8683494734213518
DTW_kmedoids,3,4,417,0.8300692490737356,0.9306081820434435
DTW_kmedoids,3,5,418,0.8306688227369412,0.9962283784416601
DTW_kmedoids,3,6,420,1.0,0.8352402325552256
DTW_kmedoids,3,7,417,0.8107169311227884,0.8114732857580103
DTW_kmedoids,3,8,415,0.8959588875203797,0.8670024999683826
DTW_kmedoids,3,9,421,0.8903309321579381,1.0
DTW_kmedoids,3,10,416,0.8600262261607098,0.9330166259611807
DTW_kmedoids,3,11,416,0.770593486161185,0.8622235542380348
DTW_kmedoids,3,12,416,0.8765753374393823,0.8182326608602284
DTW_kmedoids,3,13,417,0.899415411892464,0.9962878857393266
DTW_kmedoids,3,14,416,1.0,0.890941211589488
DTW_kmedoids,3,15,418,0.9575972248242011,0.9485927096433747
DTW_kmedoids,3,16,414,0.8733725485270472,0.9022512406889018
DTW_kmedoids,3,17,415,0.9157303411936355,0.9674019117674566
DTW_kmedoids,3,18,418,0.7555595719023819,0.815704773323585
DTW_kmedoids,3,19,416,0.7552844431616481,0.9802872703417006
DTW_kmedoids,3,20,411,0.7633425660887189,0.9805875768509517
DTW_kmedoids,3,21,420,0.9416611317257859,0.8128364931839794
DTW_kmedoids,3,22,423,0.9798965185753544,0.9543454606607346
DTW_kmedoids,3,23,416,0.7707688546778054,0.7903254928690393
DTW_kmedoids,3,24,412,0.7798559483057377,0.9721658707619879
DTW_kmedoids,3,25,416,1.0,0.7774666079677172
DTW_kmedoids,3,26,414,0.9007482142130336,0.8976802347671137
DTW_kmedoids,3,27,412,0.753419347798174,0.8626698276880801
DTW_kmedoids,3,28,416,0.8379873626632475,0.8759369134044235
DTW_kmedoids,3,29,418,0.886809543234282,0.9433660029590781
DTW_kmedoids,3,30,410,0.7736956892667631,0.8387460048724887
DTW_kmedoids,3,31,413,0.8143687489327193,0.7096739446224862
DTW_kmedoids,3,32,418,0.9296342614015977,0.7599577253915426
DTW_kmedoids,3,33,422,0.9291337164324983,0.8630451702157464
DTW_kmedoids,3,34,414,0.7565964729848214,0.7245644885952709
DTW_kmedoids,3,35,411,0.7839785313591174,0.9746890586711204
DTW_kmedoids,3,36,413,0.8951409670875088,0.8648484915012462
DTW_kmedoids,3,37,413,0.8771247775539829,0.9925049291157272
DTW_kmedoids,3,38,417,0.7834590230680982,0.8814642744336932
DTW_kmedoids,3,39,415,1.0,0.7604442890306842
DTW_kmedoids,3,40,416,0.7959379480247701,0.7679860227747609
DTW_kmedoids,3,41,414,0.8886966193725754,0.8822210955332951
DTW_kmedoids,3,42,418,0.8876242374213457,1.0
DTW_kmedoids,3,43,416,0.8772467632152918,1.0
DTW_kmedoids,3,44,418,0.8771388815947719,1.0
DTW_kmedoids,3,45,418,0.7917031342750944,0.8622110965977685
DTW_kmedoids,3,46,414,0.8539444434552116,0.7141649443784492
DTW_kmedoids,3,47,415,0.9689944558229429,0.8141910675044612
DTW_kmedoids,3,48,423,0.9367317599690341,0.9754447596856971
DTW_kmedoids,3,49,418,0.9016120394114159,0.973144026804234
DTW_kmedoids,3,50,418,0.7925177239817436,0.8616620891190689
DTW_kmedoids,3,51,415,0.9788082232528358,0.8025638245723024
DTW_kmedoids,3,52,422,0.886020629854181,0.9134967766899659
DTW_kmedoids,3,53,419,0.8928970365805484,1.0
DTW_kmedoids,3,54,411,0.8856630904816248,1.0
DTW_kmedoids,3,55,412,0.7716646005350186,0.836466611385221
DTW_kmedoids,3,56,420,0.9606807853867146,0.726960587668959
DTW_kmedoids,3,57,416,0.9875800653322614,0.9487829731125916
DTW_kmedoids,3,58,416,0.8712610238415391,0.8598425183687597
DTW_kmedoids,3,59,418,0.9051340358904031,0.7904173727819284
DTW_kmedoids,3,60,413,0.9130175419488246,0.9615778401089099
DTW_kmedoids,3,61,409,1.0,0.91291773259439
DTW_kmedoids,3,62,419,1.0,1.0
DTW_kmedoids,3,63,415,0.8901871599103649,0.8893613012897553
DTW_kmedoids,3,64,419,1.0,0.9084903444821569
DTW_kmedoids,3,65,411,0.8130415609421653,0.8111223640459782
DTW_kmedoids,3,66,422,0.84311161495741,0.977527986216553
DTW_kmedoids,3,67,412,0.863384322906876,0.7461329760181128
DTW_kmedoids,3,68,416,0.8861429022884596,0.9878509281131195
DTW_kmedoids,3,69,419,0.928571561858,0.8171282763956121
DTW_kmedoids,3,70,414,0.8780338863804332,0.8276164445484339
DTW_kmedoids,3,71,416,0.9274141494378314,0.9525847722740807
DTW_kmedoids,3,72,417,0.8880412808136661,0.954707993984281
DTW_kmedoids,3,73,416,0.869412111082004,0.9640815272347903
DTW_kmedoids,3,74,409,0.9499307922798921,0.8857486016864242
DTW_kmedoids,3,75,414,0.984091547443906,0.9743706964047025
DTW_kmedoids,3,76,419,1.0,0.9815081367874062
DTW_kmedoids,3,77,416,0.838725291601355,0.824896422994595
DTW_kmedoids,3,78,419,1.0,0.8188964464001356
DTW_kmedoids,3,79,415,0.7735111067127693,0.7613418264827448
DTW_kmedoids,3,80,416,0.978590635519612,0.7676726907882289
DTW_kmedoids,3,81,414,0.927720540710041,0.9206510648089062
DTW_kmedoids,3,82,412,1.0,0.9383244307841945
DTW_kmedoids,3,83,414,0.7739843142476821,0.7660219228360197
DTW_kmedoids,3,84,413,0.8945450426028185,0.8293614481554651
DTW_kmedoids,3,85,417,1.0,0.893539901849335
DTW_kmedoids,3,86,417,0.8880412808136661,0.8920247727769788
DTW_kmedoids,3,87,418,0.9361100232094611,0.963692397716921
DTW_kmedoids,3,88,411,0.8172187089867398,0.8790548227481532
DTW_kmedoids,3,89,421,0.797062030392267,0.9240670572874762
DTW_kmedoids,3,90,411,0.8917562670475919,0.8756219656608931
DTW_kmedoids,3,91,416,0.7945333005385751,0.8951693544766869
DTW_kmedoids,3,92,415,0.9517229179111192,0.8112186911572653
DTW_kmedoids,3,93,425,1.0,0.9430590701344487
DTW_kmedoids,3,94,417,0.9628256054052319,0.9646648839353766
DTW_kmedoids,3,95,417,0.9152176469647213,0.8949669255778384
DTW_kmedoids,3,96,417,0.7787817963917695,0.8581888953598703
DTW_kmedoids,3,97,420,0.9515409058854092,0.7997254243018168
DTW_kmedoids,3,98,413,0.7787372197716611,0.8039367165980107
DTW_kmedoids,3,99,418,0.8272008056249724,0.6892426784337212
DTW_kmedoids,4,0,422,0.7777513785433755,
DTW_kmedoids,4,1,413,0.9412025340194087,0.72863588147709
DTW_kmedoids,4,2,419,0.9871239548495297,0.9337576277970101
DTW_kmedoids,4,3,414,0.9708496718884806,0.9837441567693614
DTW_kmedoids,4,4,417,0.9545351503688609,0.9822202852265032
DTW_kmedoids,4,5,418,0.9883764671811546,0.9491211123433826
DTW_kmedoids,4,6,420,0.8490417724963153,0.8511612690906749
DTW_kmedoids,4,7,417,0.7885643863336044,0.8951476680187833
DTW_kmedoids,4,8,415,0.827886406405373,0.9155262646760988
DTW_kmedoids,4,9,421,0.7777494911241231,0.8927479422191706
DTW_kmedoids,4,10,416,0.9719131543580172,0.7737570604148833
DTW_kmedoids,4,11,416,0.7925307361625492,0.7911088618978257
DTW_kmedoids,4,12,416,0.7932086490056757,0.948453832573208
DTW_kmedoids,4,13,417,0.8084664911021668,0.8994542944745841
DTW_kmedoids,4,14,416,0.8169965878043159,1.0
DTW_kmedoids,4,15,418,0.9240407097109201,0.7767152920271567
DTW_kmedoids,4,16,414,0.8149677338277478,0.7797224420570652
DTW_kmedoids,4,17,415,0.8361062057585615,0.9712118861037947
DTW_kmedoids,4,18,418,0.9548173981979834,0.8434633288992198
DTW_kmedoids,4,19,416,0.8846706936445351,0.8740805025170874
DTW_kmedoids,4,20,411,1.0,0.8882948736827826
DTW_kmedoids,4,21,420,0.9352332801768508,0.9403922712276268
DTW_kmedoids,4,22,423,0.8152833677944713,0.7896823191061453
DTW_kmedoids,4,23,416,0.9673451138151266,0.7769143799078498
DTW_kmedoids,4,24,412,0.8381332583436258,0.812405289986321
DTW_kmedoids,4,25,416,1.0,0.8423111106121125
DTW_kmedoids,4,26,414,0.7928850926331283,0.8017230387063655
DTW_kmedoids,4,27,412,0.778502192155858,0.9519362862004125
DTW_kmedoids,4,28,416,0.974272415002512,0.768857214245917
DTW_kmedoids,4,29,418,0.9169949860567568,0.8993735221078649
DTW_kmedoids,4,30,410,0.9026843302547929,0.8410271592330183
DTW_kmedoids,4,31,413,0.78807363309603,0.864403387337706
DTW_kmedoids,4,32,418,0.9610643605719803,0.7694888041209856
DTW_kmedoids,4,33,422,0.8837320680991959,0.9295307217294198
DTW_kmedoids,4,34,414,0.9870306638826148,0.9029316017252063
DTW_kmedoids,4,35,411,0.7873796421203272,0.7976730949735362
DTW_kmedoids,4,36,413,0.9871458089418457,0.7919731977356905
DTW_kmedoids,4,37,413,0.8869710620847914,0.8725173358372522
DTW_kmedoids,4,38,417,0.9644291132065222,0.8491045494631632
DTW_kmedoids,4,39,415,0.8305568109387321,0.8098195875685501
DTW_kmedoids,4,40,416,0.9006535437663574,0.9313934273055604
DTW_kmedoids,4,41,414,0.8996263828169384,0.820405171948235
DTW_kmedoids,4,42,418,0.8367364875763373,0.8936698053622825
DTW_kmedoids,4,43,416,0.9585815184398089,0.848201510724024
DTW_kmedoids,4,44,418,0.836618930554584,0.8385092100341848
DTW_kmedoids,4,45,418,0.8476897426764411,0.9986259689327566
DTW_kmedoids,4,46,414,0.8503534852119456,0.9949237479059557
DTW_kmedoids,4,47,415,0.8043412494088915,0.9578622021477344
DTW_kmedoids,4,48,423,0.7991315157284257,0.9427523913911287
DTW_kmedoids,4,49,418,0.8411382120091069,0.916626772911694
DTW_kmedoids,4,50,418,0.8264149667529213,0.9664586397073566
DTW_kmedoids,4,51,415,0.8248407778135195,0.9704951896978644
DTW_kmedoids,4,52,422,0.779137109218947,0.8996313188472792
DTW_kmedoids,4,53,419,0.8460743574858544,0.8880234912779043
DTW_kmedoids,4,54,411,0.8788792206527667,0.9513697676654242
DTW_kmedoids,4,55,412,0.7774709867811979,0.865241643480583
DTW_kmedoids,4,56,420,0.967407072161274,0.7643062818696431
DTW_kmedoids,4,57,416,0.8941820161349026,0.9209801164559196
DTW_kmedoids,4,58,416,0.8493969659625266,0.9051247566723252
DTW_kmedoids,4,59,418,0.8713468029872631,0.9493554441052053
DTW_kmedoids,4,60,413,0.8317193520114438,0.9513564256705274
DTW_kmedoids,4,61,409,0.8862749715363674,0.9094964991425348
DTW_kmedoids,4,62,419,0.8165207096126338,0.9056279340783387
DTW_kmedoids,4,63,415,0.9220568854123607,0.7962428668525269
DTW_kmedoids,4,64,419,0.9582686016962885,0.9408219463576157
DTW_kmedoids,4,65,411,0.7636819634535271,0.7919091260228946
DTW_kmedoids,4,66,422,0.9784775155302271,0.7623439980966662
DTW_kmedoids,4,67,412,0.8399281648715341,0.8266545244248482
DTW_kmedoids,4,68,416,0.820428626982792,0.9983858364232413
DTW_kmedoids,4,69,419,0.9428049237296644,0.7945544464837659
DTW_kmedoids,4,70,414,0.7757589356866269,0.7751021251569271
DTW_kmedoids,4,71,416,0.9757645396723179,0.7647296403407654
DTW_kmedoids,4,72,417,0.7950420981237495,0.7846221758112454
DTW_kmedoids,4,73,416,0.9406025766807907,0.7445603864257346
DTW_kmedoids,4,74,409,0.8045740677590674,0.7410505588997627
DTW_kmedoids,4,75,414,0.9091962603758837,0.8658187657488281
DTW_kmedoids,4,76,419,0.7788350204818308,0.8531132198096408
DTW_kmedoids,4,77,416,0.9209545983566998,0.8523414816219684
DTW_kmedoids,4,78,419,0.9659911946288636,0.9152198370351469
DTW_kmedoids,4,79,415,0.9640605016667132,0.9399302762521107
DTW_kmedoids,4,80,416,1.0,0.9553403881904592
DTW_kmedoids,4,81,414,0.8331026131493486,0.8262385487540671
DTW_kmedoids,4,82,412,0.8620551657174419,0.9984220895421115
DTW_kmedoids,4,83,414,0.8295448104375932,0.9985422838828358
DTW_kmedoids,4,84,413,0.8242111976673011,0.9985245662981506
DTW_kmedoids,4,85,417,0.9390659021216973,0.7961017048921046
DTW_kmedoids,4,86,417,0.898173286302982,0.859896036396967
DTW_kmedoids,4,87,418,0.8465174975896207,0.9316549314105185
DTW_kmedoids,4,88,411,0.8393401326161666,0.9725272189033107
DTW_kmedoids,4,89,421,0.7830669160332777,0.9360131589711378
DTW_kmedoids,4,90,411,0.7771658803954314,0.9475415998206927
DTW_kmedoids,4,91,416,1.0,0.7661919458056855
DTW_kmedoids,4,92,415,0.9667123931036333,0.9641142860116568
DTW_kmedoids,4,93,425,0.833516778172777,0.8130305640741741
DTW_kmedoids,4,94,417,0.8547276404463,0.9601380434748131
DTW_kmedoids,4,95,417,0.8161551576761705,0.9391148648734624
DTW_kmedoids,4,96,417,1.0,0.8039588793441194
DTW_kmedoids,4,97,420,0.9761448761279992,0.9744690478865341
DTW_kmedoids,4,98,413,0.9430324232530546,0.9346072192759304
DTW_kmedoids,4,99,418,0.7654104560676911,0.8036494501567414
DTW_kmedoids,5,0,422,0.8896471997453396,
DTW_kmedoids,5,1,413,0.9488360420355381,0.878972862968981
DTW_kmedoids,5,2,419,0.9012472378400098,0.8954402316801574
DTW_kmedoids,5,3,414,0.914586717857563,0.9857151298552649
DTW_kmedoids,5,4,417,0.9169901866853816,0.9431567628685857
DTW_kmedoids,5,5,418,0.8369193928790553,0.8771658249597443
DTW_kmedoids,5,6,420,0.8297013230133916,0.9868860811387078
DTW_kmedoids,5,7,417,0.8367149006335588,0.9935592718826352
DTW_kmedoids,5,8,415,0.9993382324272816,0.815948588634504
DTW_kmedoids,5,9,421,0.8981256932718711,0.8855590361514858
DTW_kmedoids,5,10,416,0.9345569164536772,0.9773838913863623
DTW_kmedoids,5,11,416,0.9174402309486321,0.9581786239233271
DTW_kmedoids,5,12,416,0.9026084064051862,0.9661258431528169
DTW_kmedoids,5,13,417,0.94369937829734,0.9479766766614944
DTW_kmedoids,5,14,416,0.9319791502730841,0.9734206972393281
DTW_kmedoids,5,15,418,0.9553985618459127,0.9372039078214417
DTW_kmedoids,5,16,414,0.7830334072549751,0.7797972125032107
DTW_kmedoids,5,17,415,0.9199579140720757,0.828722449707066
DTW_kmedoids,5,18,418,0.923616086359234,0.9834061213773898
DTW_kmedoids,5,19,416,0.9053124222747532,0.9993622643245588
DTW_kmedoids,5,20,411,0.9674108595945069,0.9342595635374719
DTW_kmedoids,5,21,420,0.9348599856463866,0.9493856482284666
DTW_kmedoids,5,22,423,0.8915278714250283,0.9363162545425385
DTW_kmedoids,5,23,416,0.9402573668271559,0.937714769204988
DTW_kmedoids,5,24,412,0.9521392172048799,0.9432955235486032
DTW_kmedoids,5,25,416,0.9466551270727105,0.9429918415622329
DTW_kmedoids,5,26,414,0.9734976167813698,0.9481511719278165
DTW_kmedoids,5,27,412,0.7888224930717855,0.7810603292836347
DTW_kmedoids,5,28,416,0.8977602780453139,0.8451698472399619
DTW_kmedoids,5,29,418,0.9787923612904109,0.9283561179051222
DTW_kmedoids,5,30,410,0.7658231086867806,0.7916643714313653
DTW_kmedoids,5,31,413,0.7469651262053494,0.9509026834583127
DTW_kmedoids,5,32,418,0.8424963740752119,0.6977577197519227
DTW_kmedoids,5,33,422,0.9354980213639161,0.8083451634211122
DTW_kmedoids,5,34,414,0.9386285860176886,0.934395466187303
DTW_kmedoids,5,35,411,0.8964662085945949,0.8642100741293514
DTW_kmedoids,5,36,413,0.9328000668301992,0.9642262875303907
DTW_kmedoids,5,37,413,0.964213864145506,0.8964832530625314
DTW_kmedoids,5,38,417,0.9116497883665661,0.8968141303634388
DTW_kmedoids,5,39,415,0.9102186363926346,0.9887654299437975
DTW_kmedoids,5,40,416,0.7536057684420789,0.790773897895988
DTW_kmedoids,5,41,414,0.9479142813753499,0.7415831644483828
DTW_kmedoids,5,42,418,0.7902114671492176,0.8160673575708159
DTW_kmedoids,5,43,416,0.9265340876226559,0.8620073024494934
DTW_kmedoids,5,44,418,0.8001719779109122,0.8446183334115823
DTW_kmedoids,5,45,418,0.9175153729845535,0.8605651577484574
DTW_kmedoids,5,46,414,0.926240385225916,0.9935753841353455
DTW_kmedoids,5,47,415,0.8042508040346446,0.8486605823816156
DTW_kmedoids,5,48,423,0.9019392333403595,0.8842081940362978
DTW_kmedoids,5,49,418,0.9097031377074764,0.9649320694708889
DTW_kmedoids,5,50,418,0.9308383592556324,0.980338024290201
DTW_kmedoids,5,51,415,0.7658636646696976,0.8271804358272463
DTW_kmedoids,5,52,422,0.9685965540481712,0.7804049239054176
DTW_kmedoids,5,53,419,0.9994205771755021,0.9685251536988666
DTW_kmedoids,5,54,411,0.7498624791368159,0.751109042324946
DTW_kmedoids,5,55,412,0.9030486734480998,0.7976482706431234
DTW_kmedoids,5,56,420,0.8960176126741249,0.9844893707288518
DTW_kmedoids,5,57,416,0.8042610315817271,0.9055284450893588
DTW_kmedoids,5,58,416,0.7928338782194451,0.911378100732872
DTW_kmedoids,5,59,418,0.9389740522517928,0.8377269579199391
DTW_kmedoids,5,60,413,0.9786773979162539,0.9412301839449376
DTW_kmedoids,5,61,409,0.7753732922193918,0.794843921216373
DTW_kmedoids,5,62,419,0.7681988329056977,0.972914518406523
DTW_kmedoids,5,63,415,0.9339215988479508,0.81390124385897
DTW_kmedoids,5,64,419,0.9399332411231344,0.9625896795876334
DTW_kmedoids,5,65,411,0.9173529027083521,0.9563518180338236
DTW_kmedoids,5,66,422,0.9758336898615502,0.9137893019241669
DTW_kmedoids,5,67,412,0.8410360964866916,0.8405989098082103
DTW_kmedoids,5,68,416,1.0,0.8231803677593045
DTW_kmedoids,5,69,419,0.9143719769227077,0.9031428079097858
DTW_kmedoids,5,70,414,0.9329992411774242,0.9594660621140376
DTW_kmedoids,5,71,416,0.7938733351456277,0.8356540089821972
DTW_kmedoids,5,72,417,0.9062442445577005,0.8560280509072367
DTW_kmedoids,5,73,416,0.9783415740255862,0.9198016462145322
DTW_kmedoids,5,74,409,0.9993642975061157,0.9851933451190309
DTW_kmedoids,5,75,414,0.812628743417868,0.8225252617698862
DTW_kmedoids,5,76,419,0.9577659561582632,0.7701054811400835
DTW_kmedoids,5,77,416,0.886206091029464,0.8380278395466516
DTW_kmedoids,5,78,419,0.9640841765407803,0.9369892772923857
DTW_kmedoids,5,79,415,0.9059127760655332,0.9576277571706325
DTW_kmedoids,5,80,416,0.8890177111251415,0.9865422575650102
DTW_kmedoids,5,81,414,0.8279456120251102,0.900523902413309
DTW_kmedoids,5,82,412,0.9215012732060773,0.8597387520373958
DTW_kmedoids,5,83,414,0.8384639590808105,0.866297830211421
DTW_kmedoids,5,84,413,0.8257767265575067,0.9994580926239028
DTW_kmedoids,5,85,417,0.9286603754250535,0.8550012434654404
DTW_kmedoids,5,86,417,0.9339763135434331,0.9881227747846107
DTW_kmedoids,5,87,418,0.973593516273896,0.9096354027605246
DTW_kmedoids,5,88,411,0.9397860584700068,0.9200052938869672
DTW_kmedoids,5,89,421,0.8399872485186108,0.8654706035608891
DTW_kmedoids,5,90,411,0.8747459215216828,0.9048180996105661
DTW_kmedoids,5,91,416,0.9389243222989639,0.9469842275452216
DTW_kmedoids,5,92,415,0.9176821981310991,0.9684745332415953
DTW_kmedoids,5,93,425,0.9386003033994029,0.9553128015657713
DTW_kmedoids,5,94,417,0.8958306256136067,0.9346929346898506
DTW_kmedoids,5,95,417,0.9884387160969201,0.8849576787762955
DTW_kmedoids,5,96,417,0.9786102019722237,0.9869121583425464
DTW_kmedoids,5,97,420,0.9681789072701201,0.98992536885338
DTW_kmedoids,5,98,413,0.899412654817189,0.9173349505175729
DTW_kmedoids,5,99,418,0.943350999195728,0.9366818950226506
DTW_kmedoids,6,0,422,0.9497624437767805,
DTW_kmedoids,6,1,413,0.9850563943276559,0.9447486305968706
DTW_kmedoids,6,2,419,0.9519731644065058,0.9555527033512003
DTW_kmedoids,6,3,414,0.875229135981274,0.9200722319247392
DTW_kmedoids,6,4,417,0.8755956617468345,0.9560638417396307
DTW_kmedoids,6,5,418,0.9512555708928414,0.8884580770966035
DTW_kmedoids,6,6,420,0.8703885804640861,0.8855399875142214
DTW_kmedoids,6,7,417,0.8551911650118426,0.9738770418389991
DTW_kmedoids,6,8,415,0.8933958190129677,0.8262717170511579
DTW_kmedoids,6,9,421,0.9549758533742221,0.8843346800325327
DTW_kmedoids,6,10,416,0.868181560330028,0.854256852781275
DTW_kmedoids,6,11,416,0.8586352589165379,0.9898530785023121
DTW_kmedoids,6,12,416,0.8925458790243634,0.9325867329940741
DTW_kmedoids,6,13,417,0.9591802633871815,0.8797943522354046
DTW_kmedoids,6,14,416,0.9293984879420076,0.8924881001633432
DTW_kmedoids,6,15,418,0.9355284884653106,0.8815058750243124
DTW_kmedoids,6,16,414,0.825870838472349,0.8493499006036214
DTW_kmedoids,6,17,415,0.9227755269248521,0.8627667127761744
DTW_kmedoids,6,18,418,0.8767019390524696,0.9006687303201929
DTW_kmedoids,6,19,416,0.8630752232449543,0.977920121955169
DTW_kmedoids,6,20,411,0.9126839957860616,0.9150005595422478
DTW_kmedoids,6,21,420,0.890136699356067,0.9182347357469367
DTW_kmedoids,6,22,423,0.8922149195211996,0.9962130371239758
DTW_kmedoids,6,23,416,0.9180617894275936,0.9069017700788334
DTW_kmedoids,6,24,412,0.9122099331369181,0.9436822794772746
DTW_kmedoids,6,25,416,0.898414921154262,0.9415570639966715
DTW_kmedoids,6,26,414,0.8738317821441217,0.9567156071174798
DTW_kmedoids,6,27,412,0.9189698195565357,0.9380852052559279
DTW_kmedoids,6,28,416,0.8505651412833021,0.9200425584077628
DTW_kmedoids,6,29,418,0.9244377300964852,0.916899546705317
DTW_kmedoids,6,30,410,0.8693494067004435,0.9284617150743765
DTW_kmedoids,6,31,413,0.9886716090921377,0.8664753524843585
DTW_kmedoids,6,32,418,0.8929384942242782,0.8799928144593507
DTW_kmedoids,6,33,422,0.9520636099073903,0.9045482902544101
DTW_kmedoids,6,34,414,0.9299698221577517,0.927738425862555
DTW_kmedoids,6,35,411,0.9012907319484404,0.8774171510492375
DTW_kmedoids,6,36,413,0.9013592413229935,0.8574373512898293
DTW_kmedoids,6,37,413,0.8696658984161767,0.8548628186583092
DTW_kmedoids,6,38,417,0.9818372429019813,0.8763775697587758
DTW_kmedoids,6,39,415,0.8766599558966799,0.8845686577349395
DTW_kmedoids,6,40,416,0.9829857271660174,0.874838178341087
DTW_kmedoids,6,41,414,0.95917649434222,0.9558048260374482
DTW_kmedoids,6,42,418,0.9676090165535092,0.9433216868036186
DTW_kmedoids,6,43,416,0.9048796213362604,0.9201494392894052
DTW_kmedoids,6,44,418,0.9424248713817814,0.8776748969806037
DTW_kmedoids,6,45,418,0.852350479691449,0.8871090229842968
DTW_kmedoids,6,46,414,0.9268314730751165,0.8198518905521053
DTW_kmedoids,6,47,415,0.9722570525479065,0.923607227548988
DTW_kmedoids,6,48,423,0.8901549217156481,0.8951849650804926
DTW_kmedoids,6,49,418,0.9029100141104175,0.9645149291595212
DTW_kmedoids,6,50,418,0.7469276441448479,0.7715643915256288
DTW_kmedoids,6,51,415,0.8822918910351776,0.7531165166796073
DTW_kmedoids,6,52,422,0.8779609803727266,0.971361008347921
DTW_kmedoids,6,53,419,0.9665920714953088,0.8636717575165609
DTW_kmedoids,6,54,411,0.7876499841972932,0.7866326622686042
DTW_kmedoids,6,55,412,0.9532172667809923,0.8015835920491479
DTW_kmedoids,6,56,420,0.8140909638921268,0.8112860893108007
DTW_kmedoids,6,57,416,0.8446396904741965,0.894481826314696
DTW_kmedoids,6,58,416,0.8980389592023936,0.9477689157653526
DTW_kmedoids,6,59,418,0.8365766118116811,0.7913441928816868
DTW_kmedoids,6,60,413,0.8856199783215447,0.7965303516565095
DTW_kmedoids,6,61,409,0.9463010223488809,0.9282721169257693
DTW_kmedoids,6,62,419,0.802758398255099,0.8176715516153669
DTW_kmedoids,6,63,415,0.8897901300526937,0.9050917717603703
DTW_kmedoids,6,64,419,0.8935627791874542,0.9578247546353063
DTW_kmedoids,6,65,411,0.9128061894499437,0.8719572805644245
DTW_kmedoids,6,66,422,0.9111273872070469,0.901480091265801
DTW_kmedoids,6,67,412,0.8760454122450493,0.9182755568138431
DTW_kmedoids,6,68,416,0.9334584726031977,0.9173546345718308
DTW_kmedoids,6,69,419,0.883268463437834,0.9228261142953891
DTW_kmedoids,6,70,414,0.8882947049716324,0.952154904585323
DTW_kmedoids,6,71,416,0.920835789467096,0.9028737136177625
DTW_kmedoids,6,72,417,0.8850568490671075,0.9408082388477881
DTW_kmedoids,6,73,416,0.926386932472093,0.9482399030466517
DTW_kmedoids,6,74,409,0.916215340961447,0.994690406970857
DTW_kmedoids,6,75,414,0.959361482562211,0.9438839913376816
DTW_kmedoids,6,76,419,0.8903715150947102,0.913279114711395
DTW_kmedoids,6,77,416,0.9384379101047274,0.8820147376301913
DTW_kmedoids,6,78,419,0.9299449171737066,0.9520083031934633
DTW_kmedoids,6,79,415,0.8584810470821242,0.9143302369103965
DTW_kmedoids,6,80,416,0.9969930735457753,0.8342748346934064
DTW_kmedoids,6,81,414,0.9098766427179259,0.8974988279402961
DTW_kmedoids,6,82,412,0.9879717303893747,0.9092761090650734
DTW_kmedoids,6,83,414,0.8066039306863312,0.819244139592176
DTW_kmedoids,6,84,413,0.992042295097789,0.8026862072210754
DTW_kmedoids,6,85,417,0.8679355562768327,0.8685866560945127
DTW_kmedoids,6,86,417,0.9006446378149477,0.9176990924732288
DTW_kmedoids,6,87,418,0.9274533436716684,0.9651364984775651
DTW_kmedoids,6,88,411,0.9327060353640724,0.9003698600431363
DTW_kmedoids,6,89,421,0.9589354016766745,0.9033651193615484
DTW_kmedoids,6,90,411,0.8896018981256154,0.9106347572559684
DTW_kmedoids,6,91,416,0.8673007502753314,0.9711059085911903
DTW_kmedoids,6,92,415,0.8678943915619721,0.9592672223293585
DTW_kmedoids,6,93,425,0.9622381606613972,0.901541846878916
DTW_kmedoids,6,94,417,0.897024241835908,0.9395269747933732
DTW_kmedoids,6,95,417,0.8684288205791392,0.9467404894895719
DTW_kmedoids,6,96,417,0.937990278083854,0.9102809805460664
DTW_kmedoids,6,97,420,0.8556098845826001,0.8974685868531371
DTW_kmedoids,6,98,413,0.8918573317670004,0.9611282035375112
DTW_kmedoids,6,99,418,0.9333633919191878,0.8497500441012461
Euclidean_kmeans,2,0,422,0.9175633737099859,
Euclidean_kmeans,2,1,413,0.9880878980141631,0.9020754808466521
Euclidean_kmeans,2,2,419,0.7009215797654286,0.685053438771503
Euclidean_kmeans,2,3,414,0.32427547591559114,0.6095628720457902
Euclidean_kmeans,2,4,417,0.8584172730388631,0.21600141237871992
Euclidean_kmeans,2,5,418,0.3767742033273225,0.229531065233457
Euclidean_kmeans,2,6,420,0.9215894886557557,0.3137234389039738
Euclidean_kmeans,2,7,417,0.664271466875243,0.6006864988558352
Euclidean_kmeans,2,8,415,0.712989230921229,0.9634060144375515
Euclidean_kmeans,2,9,421,0.445164934280235,0.708482947356031
Euclidean_kmeans,2,10,416,0.72068506144819,0.7603578647630745
Euclidean_kmeans,2,11,416,0.8879376120024892,0.6097641648825829
Euclidean_kmeans,2,12,416,0.9202426796934484,0.9864356823207364
Euclidean_kmeans,2,13,417,0.8867230291663221,1.0
Euclidean_kmeans,2,14,416,0.13231656529731486,0.09708363160274729
Euclidean_kmeans,2,15,418,0.7525658825899433,0.21732458418588027
Euclidean_kmeans,2,16,414,0.8927896120130412,0.8335178658752813
Euclidean_kmeans,2,17,415,0.9763734699686877,0.8565248363621404
Euclidean_kmeans,2,18,418,0.9405485801951188,0.9137682119685927
Euclidean_kmeans,2,19,416,0.3632886741002048,0.41153261420838627
Euclidean_kmeans,2,20,411,0.38144347436621334,1.0
Euclidean_kmeans,2,21,420,0.8864222093581805,0.33507320870157675
Euclidean_kmeans,2,22,423,0.9090054190854686,0.9870497690427542
Euclidean_kmeans,2,23,416,0.9098903042301401,1.0
Euclidean_kmeans,2,24,412,0.6628716450508771,0.5884167813419406
Euclidean_kmeans,2,25,416,0.8985867518230898,0.5990360482502677
Euclidean_kmeans,2,26,414,0.85289040345202,0.9721580709993606
Euclidean_kmeans,2,27,412,0.6879436272872511,0.5524299609924888
Euclidean_kmeans,2,28,416,0.8930349272981039,0.8034332478270622
Euclidean_kmeans,2,29,418,0.9101213673300239,0.8094359770937116
Euclidean_kmeans,2,30,410,0.35279432200016914,0.2852016746625198
Euclidean_kmeans,2,31,413,0.8875042619123502,0.2874927050760375
Euclidean_kmeans,2,32,418,0.8062753296290184,0.9219518568052184
Euclidean_kmeans,2,33,422,0.788107299239313,1.0
Euclidean_kmeans,2,34,414,0.8424823006088593,0.9222345249868292
Euclidean_kmeans,2,35,411,0.9076479495289709,0.9581044845673177
Euclidean_kmeans,2,36,413,0.8730955796846457,0.9863008276832461
Euclidean_kmeans,2,37,413,0.8975864902096713,1.0
Euclidean_kmeans,2,38,417,1.0,0.8796659986816933
Euclidean_kmeans,2,39,415,0.6638541766956119,0.6392437321342475
Euclidean_kmeans,2,40,416,1.0,0.6615668794924306
Euclidean_kmeans,2,41,414,0.7068240620029261,0.704825391534643
Euclidean_kmeans,2,42,418,0.9766180922551594,0.7147871044640403
Euclidean_kmeans,2,43,416,0.9324662025699451,0.9598694888136192
Euclidean_kmeans,2,44,418,0.9005624441852191,0.986881230187521
Euclidean_kmeans,2,45,418,0.8349841798784413,0.935293558382863
Euclidean_kmeans,2,46,414,0.9096564658695765,1.0
Euclidean_kmeans,2,47,415,0.9075171306983171,0.7885122580878748
Euclidean_kmeans,2,48,423,0.9170390289814578,1.0
Euclidean_kmeans,2,49,418,0.7607946288535514,0.8387379084821234
Euclidean_kmeans,2,50,418,0.9095839154863214,0.6664434622003024
Euclidean_kmeans,2,51,415,0.9879492799424143,0.9153201332702543
Euclidean_kmeans,2,52,422,0.953052541458988,0.9436298435748172
Euclidean_kmeans,2,53,419,0.868239732638878,0.7936776124654412
Euclidean_kmeans,2,54,411,0.7099574322446288,0.5793395494980437
Euclidean_kmeans,2,55,412,0.3984116126417431,0.586234493797519
Euclidean_kmeans,2,56,420,0.2502051424574796,0.7879416874839642
Euclidean_kmeans,2,57,416,0.14731662620591368,0.7845741142860186
Euclidean_kmeans,2,58,416,0.9050278673976473,0.18882204423739735
Euclidean_kmeans,2,59,418,0.9269007261975781,0.9852442977071637
Euclidean_kmeans,2,60,413,1.0,0.9275721882669703
Euclidean_kmeans,2,61,409,0.6882382143869511,0.6801539698550872
Euclidean_kmeans,2,62,419,0.10990644385673405,0.24500788845940805
Euclidean_kmeans,2,63,415,0.6765620413715693,0.262324499621166
Euclidean_kmeans,2,64,419,0.8462137831152525,0.5571891328648495
Euclidean_kmeans,2,65,411,0.8463121702780375,1.0
Euclidean_kmeans,2,66,422,0.9447973353130981,0.911341416416733
Euclidean_kmeans,2,67,412,0.833168481458907,0.7534676016724308
Euclidean_kmeans,2,68,416,1.0,0.8162724073112612
Euclidean_kmeans,2,69,419,0.9006925982263612,0.8831992882780926
Euclidean_kmeans,2,70,414,0.8983265314418337,0.986904832280059
Euclidean_kmeans,2,71,416,0.2656974674106738,0.1908223400943039
Euclidean_kmeans,2,72,417,0.8584172730388631,0.18153976353588028
Euclidean_kmeans,2,73,416,0.8892024502464579,0.9745170160725184
Euclidean_kmeans,2,74,409,0.9156895056663941,0.8081909919471177
Euclidean_kmeans,2,75,414,0.34776596625730577,0.3764812013181799
Euclidean_kmeans,2,76,419,0.8251694489135474,0.21624073099593244
Euclidean_kmeans,2,77,416,0.7886322660886302,0.9482198486235002
Euclidean_kmeans,2,78,419,0.9102358730214715,0.8742824374706356
Euclidean_kmeans,2,79,415,1.0,0.9176103299730133
Euclidean_kmeans,2,80,416,0.9202426796934484,0.9295929801903098
Euclidean_kmeans,2,81,414,0.9884053400278818,0.959062572976299
Euclidean_kmeans,2,82,412,1.0,0.9862552859510574
Euclidean_kmeans,2,83,414,0.8658800037421692,0.8819604444845217
Euclidean_kmeans,2,84,413,0.9141138620915308,0.7652185422375564
Euclidean_kmeans,2,85,417,0.7523396714921222,0.8710502224397698
Euclidean_kmeans,2,86,417,0.8458265713269192,0.6257903880458414
Euclidean_kmeans,2,87,418,0.13531320855791215,0.06809609776448972
Euclidean_kmeans,2,88,411,0.7328085041159218,0.24471758783713696
Euclidean_kmeans,2,89,421,0.9009506012465952,0.6075172134593163
Euclidean_kmeans,2,90,411,0.6532326315875705,0.5725417122301932
Euclidean_kmeans,2,91,416,0.37811600944789797,0.7013656548124475
Euclidean_kmeans,2,92,415,1.0,0.3723103066251333
Euclidean_kmeans,2,93,425,1.0,1.0
Euclidean_kmeans,2,94,417,0.8576553297260068,0.834463932279638
Euclidean_kmeans,2,95,417,0.9284917271781672,0.7520941151652293
Euclidean_kmeans,2,96,417,0.9036865518621097,1.0
Euclidean_kmeans,2,97,420,0.914771529848156,0.9850083901343486
Euclidean_kmeans,2,98,413,0.7621046167484927,0.8300058283039327
Euclidean_kmeans,2,99,418,1.0,0.7487964326861266
Euclidean_kmeans,3,0,422,0.9645668961687179,
Euclidean_kmeans,3,1,413,0.9977092685673593,0.9675009857549065
Euclidean_kmeans,3,2,419,1.0,0.9972985378281333
Euclidean_kmeans,3,3,414,0.9976145533895293,0.9971942019681161
Euclidean_kmeans,3,4,417,0.8344469714915749,0.8549329026793344
Euclidean_kmeans,3,5,418,1.0,0.8134671131870661
Euclidean_kmeans,3,6,420,0.8690629054001864,0.8560658308408005
Euclidean_kmeans,3,7,417,0.9873099868361432,0.8321944180479762
Euclidean_kmeans,3,8,415,0.9766510507230572,0.987424406945563
Euclidean_kmeans,3,9,421,0.9896645198240503,0.9848827818567726
Euclidean_kmeans,3,10,416,0.946953122564421,0.9488344950066997
Euclidean_kmeans,3,11,416,0.8812947501996038,0.8344643256896189
Euclidean_kmeans,3,12,416,0.9435455808922235,0.8285632748861382
Euclidean_kmeans,3,13,417,0.9872277236937586,0.9619172356466229
Euclidean_kmeans,3,14,416,0.8615262831530256,0.8636678753951904
Euclidean_kmeans,3,15,418,0.9643116694788498,0.8189918113051127
Euclidean_kmeans,3,16,414,1.0,0.9704611250785495
Euclidean_kmeans,3,17,415,0.9556254412534713,0.9717217742745825
Euclidean_kmeans,3,18,418,1.0,0.949114622730217
Euclidean_kmeans,3,19,416,0.8969461470746681,0.8794241059688032
Euclidean_kmeans,3,20,411,0.989345253246987,0.8746332740619203
Euclidean_kmeans,3,21,420,1.0,0.9870538910842732
Euclidean_kmeans,3,22,423,0.9558713675199508,0.9609388388413371
Euclidean_kmeans,3,23,416,0.9058806442272597,0.8361973765831368
Euclidean_kmeans,3,24,412,0.9082184008240398,0.9969499492463949
Euclidean_kmeans,3,25,416,0.8592568838368682,0.9418478049091732
Euclidean_kmeans,3,26,414,0.995439418285521,0.8460860929951817
Euclidean_kmeans,3,27,412,0.9896606769745951,0.9944282669311978
Euclidean_kmeans,3,28,416,1.0,1.0
Euclidean_kmeans,3,29,418,0.8885453702390935,0.8913626079518725
Euclidean_kmeans,3,30,410,0.9894095209827543,0.8773730088167777
Euclidean_kmeans,3,31,413,0.8312036709895484,0.8002616658696529
Euclidean_kmeans,3,32,418,0.7312539197431052,0.9066989970125731
Euclidean_kmeans,3,33,422,0.7899330098241321,0.9670146953105034
Euclidean_kmeans,3,34,414,1.0,0.8003288732569029
Euclidean_kmeans,3,35,411,0.8584944420436832,0.8504075445114166
Euclidean_kmeans,3,36,413,0.9526834490744635,0.7911707437321533
Euclidean_kmeans,3,37,413,1.0,0.9439170978619771
Euclidean_kmeans,3,38,417,1.0,1.0
Euclidean_kmeans,3,39,415,1.0,1.0
Euclidean_kmeans,3,40,416,0.9096744248997827,0.9035615666856103
Euclidean_kmeans,3,41,414,0.879038756250568,1.0
Euclidean_kmeans,3,42,418,0.88944425049248,0.9968261789209271
Euclidean_kmeans,3,43,416,0.8681828770453639,0.9882083976735693
Euclidean_kmeans,3,44,418,0.9645010245643798,0.8378307375886654
Euclidean_kmeans,3,45,418,0.8718570969576647,0.8436109618767373
Euclidean_kmeans,3,46,414,0.9442266221945836,0.8278184317635967
Euclidean_kmeans,3,47,415,1.0,0.9715735834038476
Euclidean_kmeans,3,48,423,0.9017387473725041,0.917315021051027
Euclidean_kmeans,3,49,418,0.9639344536839501,0.8525938032342262
Euclidean_kmeans,3,50,418,0.9976641598616942,0.9746611241605239
Euclidean_kmeans,3,51,415,0.8572828649188672,0.8832497500884724
Euclidean_kmeans,3,52,422,0.9953530209506977,0.8425293269329539
Euclidean_kmeans,3,53,419,0.8779707668594683,0.8643740769136727
Euclidean_kmeans,3,54,411,1.0,0.8754392027651368
Euclidean_kmeans,3,55,412,0.9576673490074342,0.9613445769776816
Euclidean_kmeans,3,56,420,1.0,0.9493390134992193
Euclidean_kmeans,3,57,416,0.8898222462706894,0.8922464884556986
Euclidean_kmeans,3,58,416,0.9896227118294273,0.8568096941651893
Euclidean_kmeans,3,59,418,0.976479380237336,0.997333713137973
Euclidean_kmeans,3,60,413,0.9896061697220543,0.9841250993436378
Euclidean_kmeans,3,61,409,1.0,0.987460861399657
Euclidean_kmeans,3,62,419,0.8351856518196509,0.8693593358889222
Euclidean_kmeans,3,63,415,0.9894492969519479,0.8499077511911607
Euclidean_kmeans,3,64,419,0.8866483231758567,0.8976875462661739
Euclidean_kmeans,3,65,411,0.8897496383788074,0.9846230851176132
Euclidean_kmeans,3,66,422,0.9650839798962969,0.858185395188871
Euclidean_kmeans,3,67,412,0.9896228654077185,0.9731506474592458
Euclidean_kmeans,3,68,416,0.9642639990305764,0.9845183800107511
Euclidean_kmeans,3,69,419,0.9896318431576684,0.9724225979563907
Euclidean_kmeans,3,70,414,0.8807964768713095,0.8591156325168962
Euclidean_kmeans,3,71,416,0.871274318525916,1.0
Euclidean_kmeans,3,72,417,0.9087146409058124,0.996922213644139
Euclidean_kmeans,3,73,416,0.9063150407718903,0.9881843892330939
Euclidean_kmeans,3,74,409,0.965795166029251,0.8673009659915097
Euclidean_kmeans,3,75,414,0.9439027318743843,0.9869666768224332
Euclidean_kmeans,3,76,419,0.8897338807819262,0.8559270481711242
Euclidean_kmeans,3,77,416,0.7783675496443805,0.8735558548533685
Euclidean_kmeans,3,78,419,0.8624908387578,0.885582179839338
Euclidean_kmeans,3,79,415,0.8666135119230743,0.9850519115954921
Euclidean_kmeans,3,80,416,0.8488896139528064,1.0
Euclidean_kmeans,3,81,414,0.8964579947538822,1.0
Euclidean_kmeans,3,82,412,0.8897242382355955,0.9817336648381283
Euclidean_kmeans,3,83,414,0.8706637549988788,0.9881090027881105
Euclidean_kmeans,3,84,413,0.9554799680789592,0.802946616198456
Euclidean_kmeans,3,85,417,1.0,0.9584076744702266
Euclidean_kmeans,3,86,417,0.9663214654968725,0.9717758803774953
Euclidean_kmeans,3,87,418,0.8704371887241595,0.841730381224501
Euclidean_kmeans,3,88,411,0.9278635398315174,0.9393984543304132
Euclidean_kmeans,3,89,421,0.985169374710581,0.9347819257850452
Euclidean_kmeans,3,90,411,1.0,0.981695411566685
Euclidean_kmeans,3,91,416,0.9659657776362934,0.9592033651443185
Euclidean_kmeans,3,92,415,0.9639394056524883,1.0
Euclidean_kmeans,3,93,425,0.9852898299680386,0.9745996268325114
Euclidean_kmeans,3,94,417,0.7964391543811186,0.7663436987721024
Euclidean_kmeans,3,95,417,1.0,0.8046333663589192
Euclidean_kmeans,3,96,417,0.964159707338248,0.9823376516617971
Euclidean_kmeans,3,97,420,0.9538451166434722,1.0
Euclidean_kmeans,3,98,413,1.0,0.9473017784052414
Euclidean_kmeans,3,99,418,0.964474485226934,0.9596985128568534
Euclidean_kmeans,4,0,422,1.0,
Euclidean_kmeans,4,1,413,1.0,1.0
Euclidean_kmeans,4,2,419,0.9636613826184527,0.9556627463173629
Euclidean_kmeans,4,3,414,1.0,0.9782454886268839
Euclidean_kmeans,4,4,417,1.0,1.0
Euclidean_kmeans,4,5,418,1.0,1.0
Euclidean_kmeans,4,6,420,1.0,1.0
Euclidean_kmeans,4,7,417,0.9521716516387642,0.9644838647285464
Euclidean_kmeans,4,8,415,0.9448484344159377,0.996637946555784
Euclidean_kmeans,4,9,421,0.9728741340906769,0.9665335016659407
Euclidean_kmeans,4,10,416,1.0,0.9780114676251117
Euclidean_kmeans,4,11,416,1.0,1.0
Euclidean_kmeans,4,12,416,1.0,1.0
Euclidean_kmeans,4,13,417,0.9558403907247656,0.9556509100009224
Euclidean_kmeans,4,14,416,1.0,0.9489689014009992
Euclidean_kmeans,4,15,418,0.99693713187989,0.9963462798023558
Euclidean_kmeans,4,16,414,1.0,0.9962751966245171
Euclidean_kmeans,4,17,415,0.9290242560195324,0.9392938348794545
Euclidean_kmeans,4,18,418,0.9973811399069972,0.928300789043686
Euclidean_kmeans,4,19,416,1.0,0.9967932053933568
Euclidean_kmeans,4,20,411,1.0,1.0
Euclidean_kmeans,4,21,420,0.9273031206198853,0.9248502403949513
Euclidean_kmeans,4,22,423,0.9767330477970421,0.9556345915926975
Euclidean_kmeans,4,23,416,1.0,0.9825224835247833
Euclidean_kmeans,4,24,412,1.0,1.0
Euclidean_kmeans,4,25,416,0.8454705839715054,0.8270476604905836
Euclidean_kmeans,4,26,414,0.9626529045418658,0.8651674404388505
Euclidean_kmeans,4,27,412,1.0,0.9557194626141606
Euclidean_kmeans,4,28,416,1.0,1.0
Euclidean_kmeans,4,29,418,1.0,1.0
Euclidean_kmeans,4,30,410,0.9973034358322326,0.996729637974622
Euclidean_kmeans,4,31,413,1.0,0.996715628942788
Euclidean_kmeans,4,32,418,0.8077611480629909,0.8109092726809058
Euclidean_kmeans,4,33,422,0.8320053583140422,0.9367589103787232
Euclidean_kmeans,4,34,414,1.0,0.8242748467209139
Euclidean_kmeans,4,35,411,1.0,1.0
Euclidean_kmeans,4,36,413,0.9446846458420088,0.9335083986756183
Euclidean_kmeans,4,37,413,1.0,0.9318641041219475
Euclidean_kmeans,4,38,417,1.0,1.0
Euclidean_kmeans,4,39,415,1.0,1.0
Euclidean_kmeans,4,40,416,1.0,1.0
Euclidean_kmeans,4,41,414,1.0,1.0
Euclidean_kmeans,4,42,418,1.0,1.0
Euclidean_kmeans,4,43,416,1.0,1.0
Euclidean_kmeans,4,44,418,1.0,1.0
Euclidean_kmeans,4,45,418,0.9267760088962718,0.9222646872111147
Euclidean_kmeans,4,46,414,1.0,0.9104710805335511
Euclidean_kmeans,4,47,415,1.0,1.0
Euclidean_kmeans,4,48,423,1.0,1.0
Euclidean_kmeans,4,49,418,0.9920424164901843,0.9905832332965053
Euclidean_kmeans,4,50,418,0.8560645072986928,0.8413413587348813
Euclidean_kmeans,4,51,415,1.0,0.8501460145297296
Euclidean_kmeans,4,52,422,0.9915441731762241,0.9898488101723252
Euclidean_kmeans,4,53,419,1.0,0.9901851764713069
Euclidean_kmeans,4,54,411,0.9565776136211229,0.9585677621396926
Euclidean_kmeans,4,55,412,1.0,0.9491804707471336
Euclidean_kmeans,4,56,420,1.0,1.0
Euclidean_kmeans,4,57,416,1.0,1.0
Euclidean_kmeans,4,58,416,1.0,1.0
Euclidean_kmeans,4,59,418,0.9385873218340086,0.9588095404541005
Euclidean_kmeans,4,60,413,1.0,0.927339622119401
Euclidean_kmeans,4,61,409,1.0,1.0
Euclidean_kmeans,4,62,419,1.0,1.0
Euclidean_kmeans,4,63,415,1.0,1.0
Euclidean_kmeans,4,64,419,0.9855825020348767,0.9825383367038862
Euclidean_kmeans,4,65,411,0.8418486253422383,0.8601179053777739
Euclidean_kmeans,4,66,422,1.0,0.8382836781770585
Euclidean_kmeans,4,67,412,1.0,1.0
Euclidean_kmeans,4,68,416,1.0,1.0
Euclidean_kmeans,4,69,419,0.9894908960525313,0.9900582698227087
Euclidean_kmeans,4,70,414,0.8569555152986239,0.8541157736334104
Euclidean_kmeans,4,71,416,1.0,0.8553540483794945
Euclidean_kmeans,4,72,417,0.9973433827022216,0.9967503834837137
Euclidean_kmeans,4,73,416,1.0,0.9965654458062622
Euclidean_kmeans,4,74,409,0.925815821852383,0.9187974897924476
Euclidean_kmeans,4,75,414,1.0,0.9092294701050608
Euclidean_kmeans,4,76,419,0.9714051693159946,0.9655691120770115
Euclidean_kmeans,4,77,416,0.8365105502955806,0.8718142992288436
Euclidean_kmeans,4,78,419,1.0,0.8396914505297611
Euclidean_kmeans,4,79,415,1.0,1.0
Euclidean_kmeans,4,80,416,0.9698586790207171,0.9744185870372968
Euclidean_kmeans,4,81,414,1.0,0.9638935831087694
Euclidean_kmeans,4,82,412,1.0,1.0
Euclidean_kmeans,4,83,414,0.8626408835098832,0.8430044996568351
Euclidean_kmeans,4,84,413,0.8663134397278253,0.9951411571736408
Euclidean_kmeans,4,85,417,0.9699223775138027,0.8974902896585534
Euclidean_kmeans,4,86,417,0.8593187919321185,0.8910061795228731
Euclidean_kmeans,4,87,418,0.9906561923609524,0.8698370937132783
Euclidean_kmeans,4,88,411,0.9420652603969186,0.9632254727713895
Euclidean_kmeans,4,89,421,1.0,0.9627533585966652
Euclidean_kmeans,4,90,411,1.0,1.0
Euclidean_kmeans,4,91,416,0.9723507715708197,0.9668203402240919
Euclidean_kmeans,4,92,415,1.0,0.9782135175721501
Euclidean_kmeans,4,93,425,1.0,1.0
Euclidean_kmeans,4,94,417,0.9942728461404533,0.9931109936491234
Euclidean_kmeans,4,95,417,1.0,0.9933634219766041
Euclidean_kmeans,4,96,417,1.0,1.0
Euclidean_kmeans,4,97,420,0.9725034602228465,0.9781325731752859
Euclidean_kmeans,4,98,413,1.0,0.9671507732489505
Euclidean_kmeans,4,99,418,0.9968617613363512,0.9958439416592897
Euclidean_kmeans,5,0,422,0.843803079181923,
Euclidean_kmeans,5,1,413,0.7866073609350197,0.6966554901358526
Euclidean_kmeans,5,2,419,1.0,0.7841698854301279
Euclidean_kmeans,5,3,414,0.8463075651429081,0.8395012353647776
Euclidean_kmeans,5,4,417,0.8040174705071885,0.7227217958649601
Euclidean_kmeans,5,5,418,0.8547153179783111,0.7289305252619158
Euclidean_kmeans,5,6,420,0.9978132890442285,0.8703243041402257
Euclidean_kmeans,5,7,417,0.9054420120252598,0.8986798025011336
Euclidean_kmeans,5,8,415,0.896562914939143,0.9966380258112328
Euclidean_kmeans,5,9,421,1.0,0.897541327924239
Euclidean_kmeans,5,10,416,0.9972569162906793,1.0
Euclidean_kmeans,5,11,416,0.9936368485232254,0.9906426511428988
Euclidean_kmeans,5,12,416,0.9064378829195019,0.8970298635625842
Euclidean_kmeans,5,13,417,0.8978076114774325,0.9670408476488873
Euclidean_kmeans,5,14,416,0.991273730675624,0.8757218044020854
Euclidean_kmeans,5,15,418,0.8389192142248122,0.8461833728205189
Euclidean_kmeans,5,16,414,0.8440187942195482,0.9928814650020723
Euclidean_kmeans,5,17,415,0.8889146696192869,0.9447486755019783
Euclidean_kmeans,5,18,418,0.9840034022620968,0.8990327033694233
Euclidean_kmeans,5,19,416,0.9913892047818365,0.9909077107921003
Euclidean_kmeans,5,20,411,0.8204905696647862,0.8108586958727593
Euclidean_kmeans,5,21,420,0.9044321398654173,0.9247818443715692
Euclidean_kmeans,5,22,423,0.905692590390862,0.857127961362271
Euclidean_kmeans,5,23,416,0.9840916143459372,0.9142340158234091
Euclidean_kmeans,5,24,412,0.8546359433319636,0.8357912556412573
Euclidean_kmeans,5,25,416,0.9885510299223453,0.863441718260716
Euclidean_kmeans,5,26,414,0.8465079578233271,0.850286751689784
Euclidean_kmeans,5,27,412,0.8503695282940561,0.786745260562865
Euclidean_kmeans,5,28,416,0.997234068268988,0.8410766243518875
Euclidean_kmeans,5,29,418,0.9749737231628601,0.9831601100896589
Euclidean_kmeans,5,30,410,0.8442724992988623,0.8615829626924824
Euclidean_kmeans,5,31,413,0.9832770737234612,0.8195239241578143
Euclidean_kmeans,5,32,418,0.8360788915776729,0.8308476471879711
Euclidean_kmeans,5,33,422,0.9343995685412357,0.8730173843851012
Euclidean_kmeans,5,34,414,0.8296239202042794,0.8069459962224939
Euclidean_kmeans,5,35,411,0.9856282540229554,0.8263193350722801
Euclidean_kmeans,5,36,413,0.8558209897065449,0.8618692971216438
Euclidean_kmeans,5,37,413,0.9115034730228245,0.836749842340915
Euclidean_kmeans,5,38,417,0.997115148703787,0.9283445344646724
Euclidean_kmeans,5,39,415,1.0,0.9963855165871397
Euclidean_kmeans,5,40,416,0.8547688169482601,0.843675018049133
Euclidean_kmeans,5,41,414,0.9302657597189886,0.823158147896538
Euclidean_kmeans,5,42,418,0.8816125902641537,0.9312765631189848
Euclidean_kmeans,5,43,416,0.993253281900483,0.8780224355488822
Euclidean_kmeans,5,44,418,0.9390198351270914,0.947685736488874
Euclidean_kmeans,5,45,418,0.9851277028129284,0.953819197141494
Euclidean_kmeans,5,46,414,0.9625541315167485,0.9781023835574337
Euclidean_kmeans,5,47,415,0.997177676871079,0.9674317314069084
Euclidean_kmeans,5,48,423,0.988746203507347,1.0
Euclidean_kmeans,5,49,418,1.0,0.9865087686096727
Euclidean_kmeans,5,50,418,0.8411530696681819,0.8312420898673089
Euclidean_kmeans,5,51,415,1.0,0.8350030231509654
Euclidean_kmeans,5,52,422,0.843386834748004,0.833840920150677
Euclidean_kmeans,5,53,419,0.9914347618565716,0.8592047274599084
Euclidean_kmeans,5,54,411,0.9913511251285241,1.0
Euclidean_kmeans,5,55,412,0.8375527179102352,0.8356445203005993
Euclidean_kmeans,5,56,420,0.8912498320698223,0.754974788452441
Euclidean_kmeans,5,57,416,0.9720311242762948,0.9146382151834141
Euclidean_kmeans,5,58,416,0.8375711758295803,0.7874734206998881
Euclidean_kmeans,5,59,418,0.8692399966871825,0.9694776803669383
Euclidean_kmeans,5,60,413,0.8298914098591218,0.9490673929872406
Euclidean_kmeans,5,61,409,0.8378095124150681,1.0
Euclidean_kmeans,5,62,419,0.9714762314429123,0.8866046092982194
Euclidean_kmeans,5,63,415,1.0,0.9660828311267214
Euclidean_kmeans,5,64,419,0.9859174305528744,0.9870536040597271
Euclidean_kmeans,5,65,411,0.9218807518136187,0.9354932272997251
Euclidean_kmeans,5,66,422,0.8744973159549413,0.9225508776965446
Euclidean_kmeans,5,67,412,0.9948739555631749,0.8590261594917599
Euclidean_kmeans,5,68,416,0.8250266659445905,0.8068690310640005
Euclidean_kmeans,5,69,419,0.9837083976340986,0.8092667450280625
Euclidean_kmeans,5,70,414,0.9912912470057936,0.9705137919045339
Euclidean_kmeans,5,71,416,0.9935465948389418,0.9815009476504554
Euclidean_kmeans,5,72,417,0.8440706135548219,0.8461690400231476
Euclidean_kmeans,5,73,416,0.7780874033321631,0.7175461960003131
Euclidean_kmeans,5,74,409,0.8358200109580972,0.6945509264139509
Euclidean_kmeans,5,75,414,0.9856949566236163,0.8387396343444627
Euclidean_kmeans,5,76,419,0.7913961941378961,0.7864507925482844
Euclidean_kmeans,5,77,416,0.9137778507218858,0.8398592876525224
Euclidean_kmeans,5,78,419,0.9953805209899009,0.9047970914636082
Euclidean_kmeans,5,79,415,0.9911617684521346,0.9904206761149716
Euclidean_kmeans,5,80,416,0.8363860905099609,0.8221387834002865
Euclidean_kmeans,5,81,414,0.9949403001756321,0.8472520256593484
Euclidean_kmeans,5,82,412,0.9838556732482217,0.9751147229140531
Euclidean_kmeans,5,83,414,0.7926497284497549,0.8100723458465166
Euclidean_kmeans,5,84,413,0.8879904220232798,0.7473471475551239
Euclidean_kmeans,5,85,417,0.9305642913007538,0.8460037853754016
Euclidean_kmeans,5,86,417,0.8544547142429175,0.8234823263993878
Euclidean_kmeans,5,87,418,0.9886551324515643,0.8681603741434841
Euclidean_kmeans,5,88,411,0.8768756951300073,0.8974003645370154
Euclidean_kmeans,5,89,421,0.8450364898266459,0.9627539118745199
Euclidean_kmeans,5,90,411,0.9971698553685837,0.8412671549449591
Euclidean_kmeans,5,91,416,0.8736093839996408,0.8795968744509723
Euclidean_kmeans,5,92,415,0.9886223290516759,0.867772596349439
Euclidean_kmeans,5,93,425,0.996394625604574,0.9865500990323735
Euclidean_kmeans,5,94,417,0.8423596293033537,0.840614093608277
Euclidean_kmeans,5,95,417,0.9547026238091173,0.8942501382182197
Euclidean_kmeans,5,96,417,0.9904383725306491,0.9558126472900442
Euclidean_kmeans,5,97,420,0.857159232172406,0.8644679519067731
Euclidean_kmeans,5,98,413,0.8423990576132545,0.9671513032511088
Euclidean_kmeans,5,99,418,0.8232535319476423,1.0
Euclidean_kmeans,6,0,422,0.9863900929535118,
Euclidean_kmeans,6,1,413,0.7929359840963571,0.7699027464715518
Euclidean_kmeans,6,2,419,0.8080747597172159,0.9799996228233147
Euclidean_kmeans,6,3,414,0.7906230161309374,0.9711112382222534
Euclidean_kmeans,6,4,417,0.9742587574914611,0.7594761819302959
Euclidean_kmeans,6,5,418,0.9761087113551943,0.998942673327464
Euclidean_kmeans,6,6,420,0.9849478375454688,0.9988396793980198
Euclidean_kmeans,6,7,417,0.9270107156789118,0.9101845803987619
Euclidean_kmeans,6,8,415,0.7999919744763914,0.8569598194283499
Euclidean_kmeans,6,9,421,0.8775608013910638,0.8690300004708373
Euclidean_kmeans,6,10,416,0.9689380657581549,0.9016948574028831
Euclidean_kmeans,6,11,416,0.9774239441851865,0.9523041080373663
Euclidean_kmeans,6,12,416,0.8240049942579295,0.8025919121271275
Euclidean_kmeans,6,13,417,0.7896486194687907,0.9827868671194544
Euclidean_kmeans,6,14,416,0.9785552855048513,0.7656840932886643
Euclidean_kmeans,6,15,418,0.8890126564548788,0.8654095358286137
Euclidean_kmeans,6,16,414,0.8020602751783611,0.888585590699763
Euclidean_kmeans,6,17,415,0.8892041489677277,0.9006774064138895
Euclidean_kmeans,6,18,418,0.9054382298210866,0.9505140542038437
Euclidean_kmeans,6,19,416,1.0,0.88966039718124
Euclidean_kmeans,6,20,411,0.9374221433263701,0.927138256821443
Euclidean_kmeans,6,21,420,0.9801949819446741,0.9494272643801825
Euclidean_kmeans,6,22,423,0.8167159821402239,0.8208613187990137
Euclidean_kmeans,6,23,416,1.0,0.8061487945520106
Euclidean_kmeans,6,24,412,0.9885616836907685,0.9857220425167192
Euclidean_kmeans,6,25,416,0.9972624432695324,0.9894943409792678
Euclidean_kmeans,6,26,414,0.8557798497106207,0.8609253684839049
Euclidean_kmeans,6,27,412,0.9877626090421325,0.8577894301378943
Euclidean_kmeans,6,28,416,0.8100798964753086,0.8021069481362174
Euclidean_kmeans,6,29,418,0.964327862029492,0.7817031822442082
Euclidean_kmeans,6,30,410,0.9456769442868254,0.9099121968348712
Euclidean_kmeans,6,31,413,0.9775825039435417,0.9308555941699811
Euclidean_kmeans,6,32,418,0.8025059350430404,0.800486058473911
Euclidean_kmeans,6,33,422,0.7673848945617593,0.8871120673539225
Euclidean_kmeans,6,34,414,0.8403693194802717,0.8397513599216148
Euclidean_kmeans,6,35,411,0.9779388367324526,0.8369517257453916
Euclidean_kmeans,6,36,413,0.8194442009535705,0.8113386913157002
Euclidean_kmeans,6,37,413,0.9999528793263013,0.8099237993556112
Euclidean_kmeans,6,38,417,0.8091440808404506,0.7999305954933416
Euclidean_kmeans,6,39,415,0.9932230242104114,0.7926780814441818
Euclidean_kmeans,6,40,416,0.9559962582167585,0.9618915913507806
Euclidean_kmeans,6,41,414,0.8393651995218876,0.8119738160139235
Euclidean_kmeans,6,42,418,0.9055309308244363,0.9387434053387022
Euclidean_kmeans,6,43,416,0.9896142884420918,0.8930540788478901
Euclidean_kmeans,6,44,418,0.7988880917701964,0.778606402699222
Euclidean_kmeans,6,45,418,0.9356625995095348,0.8296418786746417
Euclidean_kmeans,6,46,414,0.8085610496927876,0.840128275730155
Euclidean_kmeans,6,47,415,0.8124279718036256,0.9698107382379173
Euclidean_kmeans,6,48,423,1.0,0.8210629760159214
Euclidean_kmeans,6,49,418,0.9645801073737703,0.9677769561902035
Euclidean_kmeans,6,50,418,0.9133171829533293,0.9474892702401877
Euclidean_kmeans,6,51,415,0.9865430030702805,0.9035386465354005
Euclidean_kmeans,6,52,422,1.0,0.9867880632022004
Euclidean_kmeans,6,53,419,0.804074575054831,0.7988681022050697
Euclidean_kmeans,6,54,411,0.9768867905211643,0.8023265292952725
Euclidean_kmeans,6,55,412,0.9887854112962589,0.9615278864429219
Euclidean_kmeans,6,56,420,0.9903953493838563,0.99972233106683
Euclidean_kmeans,6,57,416,0.9393330716784597,0.9359471879864834
Euclidean_kmeans,6,58,416,0.989984229455603,0.9198962614728305
Euclidean_kmeans,6,59,418,0.8110508722901913,0.7991062821283464
Euclidean_kmeans,6,60,413,0.9860252546777043,0.782643069784747
Euclidean_kmeans,6,61,409,0.977221482031051,0.9924026765782323
Euclidean_kmeans,6,62,419,0.9729624708610491,0.9862382569544611
Euclidean_kmeans,6,63,415,0.990407243995598,0.9855143068567229
Euclidean_kmeans,6,64,419,0.9945963213691483,0.9978133416450683
Euclidean_kmeans,6,65,411,0.9371085412783595,0.9362906078122779
Euclidean_kmeans,6,66,422,0.8463748793542276,0.8577166075888271
Euclidean_kmeans,6,67,412,0.9061528993889079,0.8989875188922836
Euclidean_kmeans,6,68,416,0.751836336259955,0.8010170411365043
Euclidean_kmeans,6,69,419,0.7960808657436541,0.9433672354861455
Euclidean_kmeans,6,70,414,0.7865514234076819,0.9966992225504873
Euclidean_kmeans,6,71,416,0.9772466928020622,0.8015575422228085
Euclidean_kmeans,6,72,417,0.8082112476593065,0.8311322392529644
Euclidean_kmeans,6,73,416,0.9946174085553398,0.7824531161823528
Euclidean_kmeans,6,74,409,0.7857681404922433,0.7506025788400529
Euclidean_kmeans,6,75,414,0.9873382533865969,0.7662280922999126
Euclidean_kmeans,6,76,419,0.7960111684418676,0.7872288732754481
Euclidean_kmeans,6,77,416,0.8267614490256995,0.948705927722708
Euclidean_kmeans,6,78,419,0.7925547754642521,0.9559351199419159
Euclidean_kmeans,6,79,415,0.8310216673487667,0.9361653991540377
Euclidean_kmeans,6,80,416,0.8426185448239781,1.0
Euclidean_kmeans,6,81,414,0.9887358412128252,0.846977252720586
Euclidean_kmeans,6,82,412,0.9923842180542201,0.9965686019179469
Euclidean_kmeans,6,83,414,0.9032516441198682,0.8978083409649941
Euclidean_kmeans,6,84,413,0.8935401134666833,0.9729559346388722
Euclidean_kmeans,6,85,417,0.9916948803446273,0.8901065911874853
Euclidean_kmeans,6,86,417,0.997207595917983,0.9930550165866217
Euclidean_kmeans,6,87,418,0.9806076721929103,0.9891295099371975
Euclidean_kmeans,6,88,411,0.9715496158966498,0.9458825327327277
Euclidean_kmeans,6,89,421,1.0,0.9859985715339364
Euclidean_kmeans,6,90,411,0.9946282950406106,0.9931285854195917
Euclidean_kmeans,6,91,416,0.8442119214490605,0.8443765580118255
Euclidean_kmeans,6,92,415,0.7926895899856184,0.9120695529231753
Euclidean_kmeans,6,93,425,0.9568908030456845,0.7981181111594863
Euclidean_kmeans,6,94,417,0.7941325482754784,0.8082118730542429
Euclidean_kmeans,6,95,417,0.9973649178820598,0.7972749316846323
Euclidean_kmeans,6,96,417,0.7921671719095974,0.7936400809483501
Euclidean_kmeans,6,97,420,0.9845122557209504,0.7669458453000126
Euclidean_kmeans,6,98,413,0.8255542256784124,0.8003741652417232
Euclidean_kmeans,6,99,418,0.9971984742678769,0.8025776348242764
Feature_Ward,2,0,422,1.0,
Feature_Ward,2,1,413,1.0,1.0
Feature_Ward,2,2,419,1.0,1.0
Feature_Ward,2,3,414,1.0,1.0
Feature_Ward,2,4,417,1.0,1.0
Feature_Ward,2,5,418,1.0,1.0
Feature_Ward,2,6,420,1.0,1.0
Feature_Ward,2,7,417,1.0,1.0
Feature_Ward,2,8,415,1.0,1.0
Feature_Ward,2,9,421,1.0,1.0
Feature_Ward,2,10,416,1.0,1.0
Feature_Ward,2,11,416,1.0,1.0
Feature_Ward,2,12,416,1.0,1.0
Feature_Ward,2,13,417,1.0,1.0
Feature_Ward,2,14,416,1.0,1.0
Feature_Ward,2,15,418,1.0,1.0
Feature_Ward,2,16,414,1.0,1.0
Feature_Ward,2,17,415,1.0,1.0
Feature_Ward,2,18,418,1.0,1.0
Feature_Ward,2,19,416,1.0,1.0
Feature_Ward,2,20,411,1.0,1.0
Feature_Ward,2,21,420,1.0,1.0
Feature_Ward,2,22,423,1.0,1.0
Feature_Ward,2,23,416,1.0,1.0
Feature_Ward,2,24,412,1.0,1.0
Feature_Ward,2,25,416,1.0,1.0
Feature_Ward,2,26,414,1.0,1.0
Feature_Ward,2,27,412,1.0,1.0
Feature_Ward,2,28,416,1.0,1.0
Feature_Ward,2,29,418,1.0,1.0
Feature_Ward,2,30,410,1.0,1.0
Feature_Ward,2,31,413,1.0,1.0
Feature_Ward,2,32,418,1.0,1.0
Feature_Ward,2,33,422,1.0,1.0
Feature_Ward,2,34,414,1.0,1.0
Feature_Ward,2,35,411,1.0,1.0
Feature_Ward,2,36,413,1.0,1.0
Feature_Ward,2,37,413,1.0,1.0
Feature_Ward,2,38,417,1.0,1.0
Feature_Ward,2,39,415,1.0,1.0
Feature_Ward,2,40,416,1.0,1.0
Feature_Ward,2,41,414,1.0,1.0
Feature_Ward,2,42,418,1.0,1.0
Feature_Ward,2,43,416,1.0,1.0
Feature_Ward,2,44,418,1.0,1.0
Feature_Ward,2,45,418,1.0,1.0
Feature_Ward,2,46,414,1.0,1.0
Feature_Ward,2,47,415,1.0,1.0
Feature_Ward,2,48,423,1.0,1.0
Feature_Ward,2,49,418,1.0,1.0
Feature_Ward,2,50,418,1.0,1.0
Feature_Ward,2,51,415,1.0,1.0
Feature_Ward,2,52,422,1.0,1.0
Feature_Ward,2,53,419,1.0,1.0
Feature_Ward,2,54,411,1.0,1.0
Feature_Ward,2,55,412,1.0,1.0
Feature_Ward,2,56,420,1.0,1.0
Feature_Ward,2,57,416,1.0,1.0
Feature_Ward,2,58,416,1.0,1.0
Feature_Ward,2,59,418,1.0,1.0
Feature_Ward,2,60,413,1.0,1.0
Feature_Ward,2,61,409,1.0,1.0
Feature_Ward,2,62,419,1.0,1.0
Feature_Ward,2,63,415,1.0,1.0
Feature_Ward,2,64,419,1.0,1.0
Feature_Ward,2,65,411,1.0,1.0
Feature_Ward,2,66,422,1.0,1.0
Feature_Ward,2,67,412,1.0,1.0
Feature_Ward,2,68,416,1.0,1.0
Feature_Ward,2,69,419,1.0,1.0
Feature_Ward,2,70,414,1.0,1.0
Feature_Ward,2,71,416,1.0,1.0
Feature_Ward,2,72,417,1.0,1.0
Feature_Ward,2,73,416,1.0,1.0
Feature_Ward,2,74,409,1.0,1.0
Feature_Ward,2,75,414,1.0,1.0
Feature_Ward,2,76,419,1.0,1.0
Feature_Ward,2,77,416,1.0,1.0
Feature_Ward,2,78,419,1.0,1.0
Feature_Ward,2,79,415,1.0,1.0
Feature_Ward,2,80,416,1.0,1.0
Feature_Ward,2,81,414,1.0,1.0
Feature_Ward,2,82,412,1.0,1.0
Feature_Ward,2,83,414,1.0,1.0
Feature_Ward,2,84,413,1.0,1.0
Feature_Ward,2,85,417,1.0,1.0
Feature_Ward,2,86,417,1.0,1.0
Feature_Ward,2,87,418,1.0,1.0
Feature_Ward,2,88,411,1.0,1.0
Feature_Ward,2,89,421,1.0,1.0
Feature_Ward,2,90,411,1.0,1.0
Feature_Ward,2,91,416,1.0,1.0
Feature_Ward,2,92,415,1.0,1.0
Feature_Ward,2,93,425,1.0,1.0
Feature_Ward,2,94,417,1.0,1.0
Feature_Ward,2,95,417,1.0,1.0
Feature_Ward,2,96,417,1.0,1.0
Feature_Ward,2,97,420,1.0,1.0
Feature_Ward,2,98,413,1.0,1.0
Feature_Ward,2,99,418,1.0,1.0
Feature_Ward,3,0,422,1.0,
Feature_Ward,3,1,413,0.8837093126454958,1.0
Feature_Ward,3,2,419,1.0,0.9379112266120587
Feature_Ward,3,3,414,1.0,1.0
Feature_Ward,3,4,417,0.8023532213015385,0.833621046447756
Feature_Ward,3,5,418,0.8165428718813742,0.6497619748596501
Feature_Ward,3,6,420,1.0,0.8691149523560772
Feature_Ward,3,7,417,0.9038438115746177,0.9491304948395773
Feature_Ward,3,8,415,0.8697340650288133,1.0
Feature_Ward,3,9,421,0.8808244252375507,0.7230446250740162
Feature_Ward,3,10,416,0.6219608206858788,0.7524504213943671
Feature_Ward,3,11,416,1.0,0.6180720419075879
Feature_Ward,3,12,416,0.8165083867464397,0.8511343536817504
Feature_Ward,3,13,417,0.9385082550208738,1.0
Feature_Ward,3,14,416,0.9385016455946696,1.0
Feature_Ward,3,15,418,0.8701264734022344,1.0
Feature_Ward,3,16,414,1.0,0.8692346108331621
Feature_Ward,3,17,415,0.8346691204995188,0.8331033700455792
Feature_Ward,3,18,418,0.8160198258767509,1.0
Feature_Ward,3,19,416,0.8946482503684485,0.9300435758974345
Feature_Ward,3,20,411,0.7416064000295144,0.851470672162955
Feature_Ward,3,21,420,0.5819106761458196,0.36133620552190815
Feature_Ward,3,22,423,1.0,0.5504071394401303
Feature_Ward,3,23,416,0.8351128869791207,0.7920875469861344
Feature_Ward,3,24,412,0.720662224403207,1.0
Feature_Ward,3,25,416,0.9204561566046481,0.7972257398492326
Feature_Ward,3,26,414,0.8169003554858747,1.0
Feature_Ward,3,27,412,0.8346132692894449,1.0
Feature_Ward,3,28,416,0.7693871433980981,0.9200744500471119
Feature_Ward,3,29,418,0.9306015455484219,0.9060823172185458
Feature_Ward,3,30,410,0.9037507761962965,1.0
Feature_Ward,3,31,413,1.0,0.9490812493896588
Feature_Ward,3,32,418,0.7929440080263396,0.8510252160196292
Feature_Ward,3,33,422,0.7930124751982891,1.0
Feature_Ward,3,34,414,0.7872853763953415,0.5733240584404397
Feature_Ward,3,35,411,0.7928209060848762,0.5186490694987334
Feature_Ward,3,36,413,1.0,0.7613068354066365
Feature_Ward,3,37,413,0.8159263045744076,0.7910885657563717
Feature_Ward,3,38,417,0.8837605283166995,1.0
Feature_Ward,3,39,415,0.8497850569484241,1.0
Feature_Ward,3,40,416,0.9202196676358662,1.0
Feature_Ward,3,41,414,0.9496518750029825,1.0
Feature_Ward,3,42,418,0.8949549701542253,1.0
Feature_Ward,3,43,416,0.8498033422303448,1.0
Feature_Ward,3,44,418,0.8489394116011084,0.6928749849429099
Feature_Ward,3,45,418,0.8701264734022344,0.7043866492126173
Feature_Ward,3,46,414,0.93035028518119,0.7449921382642821
Feature_Ward,3,47,415,0.8837350476848302,0.7192091648495054
Feature_Ward,3,48,423,0.8838354809325663,1.0
Feature_Ward,3,49,418,0.9447525506041788,1.0
Feature_Ward,3,50,418,0.835147316567598,0.9381306776119622
Feature_Ward,3,51,415,0.9383194333858387,0.9198139387576305
Feature_Ward,3,52,422,0.8170290462140373,0.9061609924399662
Feature_Ward,3,53,419,1.0,0.8516530716327366
Feature_Ward,3,54,411,0.8168507732330151,0.7919197565710144
Feature_Ward,3,55,412,1.0,0.8151346358185313
Feature_Ward,3,56,420,1.0,1.0
Feature_Ward,3,57,416,0.9496654873752338,0.9491011254625716
Feature_Ward,3,58,416,0.7693871433980981,0.8693010763926295
Feature_Ward,3,59,418,0.8837731744055521,0.9201452746370191
Feature_Ward,3,60,413,0.8350605991132544,1.0
Feature_Ward,3,61,409,0.8703006735540249,1.0
Feature_Ward,3,62,419,0.870138411113512,1.0
Feature_Ward,3,63,415,1.0,0.869183929547064
Feature_Ward,3,64,419,1.0,1.0
Feature_Ward,3,65,411,0.8700412394750695,0.7942531774824675
Feature_Ward,3,66,422,0.8018760610395747,0.6519283029797862
Feature_Ward,3,67,412,0.7693036946985292,0.583718191479199
Feature_Ward,3,68,416,0.7922402549534721,0.8857673153900597
Feature_Ward,3,69,419,0.5348607603271558,0.3399542773047112
Feature_Ward,3,70,414,0.8700781305825278,0.3269043534354012
Feature_Ward,3,71,416,0.8165083867464397,1.0
Feature_Ward,3,72,417,0.9305948137884432,1.0
Feature_Ward,3,73,416,0.9496654873752338,1.0
Feature_Ward,3,74,409,0.8168173043631378,0.8690478756655385
Feature_Ward,3,75,414,0.835078115052511,1.0
Feature_Ward,3,76,419,0.8697857404285424,1.0
Feature_Ward,3,77,416,0.88374781956539,1.0
Feature_Ward,3,78,419,0.7934960657246815,0.9060912669191026
Feature_Ward,3,79,415,0.8228841505057032,0.6118192756019395
Feature_Ward,3,80,416,0.8346875530284613,0.7226688228578962
Feature_Ward,3,81,414,1.0,0.8144306520899951
Feature_Ward,3,82,412,0.8497296505061321,0.833021403275213
Feature_Ward,3,83,414,0.8837222122035804,1.0
Feature_Ward,3,84,413,0.8350605991132544,1.0
Feature_Ward,3,85,417,1.0,0.8147542775248638
Feature_Ward,3,86,417,1.0,1.0
Feature_Ward,3,87,418,0.8949549701542253,0.8690443198529131
Feature_Ward,3,88,411,1.0,0.893787795974476
Feature_Ward,3,89,421,0.8351983300416878,0.833387492394741
Feature_Ward,3,90,411,1.0,0.791277448482341
Feature_Ward,3,91,416,0.8351128869791207,0.791277448482341
Feature_Ward,3,92,415,0.8286926425274851,1.0
Feature_Ward,3,93,425,1.0,0.7451364628303914
Feature_Ward,3,94,417,0.8525409917764288,0.827890381568603
Feature_Ward,3,95,417,0.8949424662988803,1.0
Feature_Ward,3,96,417,1.0,0.8265277045684117
Feature_Ward,3,97,420,0.938667697455593,0.8854410096488609
Feature_Ward,3,98,413,0.7702465811460831,0.7239052643061629
Feature_Ward,3,99,418,0.8165428718813742,0.5814257429527071
Feature_Ward,4,0,422,0.9336215251105556,
Feature_Ward,4,1,413,0.6414038650250183,0.6939138870615913
Feature_Ward,4,2,419,0.1339015789039841,0.21057421525018072
Feature_Ward,4,3,414,0.8299682245450901,0.19561686184870175
Feature_Ward,4,4,417,0.15773726519184622,0.22663159683633857
Feature_Ward,4,5,418,0.5922790521588672,0.27418686792896235
Feature_Ward,4,6,420,0.0761086781523583,0.12071831158626639
Feature_Ward,4,7,417,0.11256560814034995,0.6021866484329472
Feature_Ward,4,8,415,0.6110071905234135,0.16913780113232263
Feature_Ward,4,9,421,0.1578737964664992,0.24728448778658021
Feature_Ward,4,10,416,0.2359188281101517,0.6877961118897572
Feature_Ward,4,11,416,0.06406233187739656,0.3641115035469188
Feature_Ward,4,12,416,0.8056304561653485,0.07299514701162467
Feature_Ward,4,13,417,0.8924357067162167,0.7927216423068866
Feature_Ward,4,14,416,0.9779796148339175,0.8945064555051884
Feature_Ward,4,15,418,0.6272451222878287,0.6209281030804069
Feature_Ward,4,16,414,0.1393137849660661,0.18329825891218668
Feature_Ward,4,17,415,0.09440438712964043,0.8804510639271185
Feature_Ward,4,18,418,0.5594412523117284,0.16244823144068107
Feature_Ward,4,19,416,0.9565307720135154,0.5907181869968167
Feature_Ward,4,20,411,0.9509666734722817,0.958364546753463
Feature_Ward,4,21,420,0.248471296754018,0.25025744053538984
Feature_Ward,4,22,423,0.12075550748741146,0.47887027319567566
Feature_Ward,4,23,416,0.9446730155141131,0.12075809648689116
Feature_Ward,4,24,412,0.9235366015061809,0.9028078921557703
Feature_Ward,4,25,416,0.9021626335444138,0.8272861929907244
Feature_Ward,4,26,414,0.8340724792627997,0.9521780318609716
Feature_Ward,4,27,412,0.8252950167973324,0.8981362180285645
Feature_Ward,4,28,416,0.6444185850400307,0.5687534183741946
Feature_Ward,4,29,418,0.8166465513787906,0.8119730899401996
Feature_Ward,4,30,410,0.3572899095275256,0.478135707482481
Feature_Ward,4,31,413,0.9424624029750522,0.37448378445172786
Feature_Ward,4,32,418,0.8083166469752977,0.8896175249224743
Feature_Ward,4,33,422,0.9543136950657641,0.8466588616280962
Feature_Ward,4,34,414,0.1735229431318575,0.15615743971779356
Feature_Ward,4,35,411,0.5717458865859661,0.31721859032097033
Feature_Ward,4,36,413,0.8688803495808611,0.5020186787660097
Feature_Ward,4,37,413,0.8965876070013993,0.7543431316662583
Feature_Ward,4,38,417,0.826241726859675,0.8705607843836075
Feature_Ward,4,39,415,0.9167153390632252,0.8279620592833172
Feature_Ward,4,40,416,0.9679128913729577,0.9290629628471401
Feature_Ward,4,41,414,0.939858020328924,0.9295775558091063
Feature_Ward,4,42,418,0.044142609369703295,0.0658013465578586
Feature_Ward,4,43,416,0.5621482771150005,0.11849329030120948
Feature_Ward,4,44,418,0.04054375778993897,0.05419077099597222
Feature_Ward,4,45,418,0.8644191702314062,0.005361907771980167
Feature_Ward,4,46,414,0.09315519232521001,0.04894346672831197
Feature_Ward,4,47,415,0.9467698298937125,0.08932732501426953
Feature_Ward,4,48,423,0.04430962794971041,0.05032557401992809
Feature_Ward,4,49,418,0.8660441772227789,0.052366408939568634
Feature_Ward,4,50,418,0.08956162904033088,0.1052613428074748
Feature_Ward,4,51,415,0.09582834336141483,0.9494214722506832
Feature_Ward,4,52,422,0.7619809487557531,0.057121520555481406
Feature_Ward,4,53,419,0.11536075397920931,0.07590017499163342
Feature_Ward,4,54,411,0.5827261948334046,0.18377899326324068
Feature_Ward,4,55,412,0.9517109142057187,0.5936040149117091
Feature_Ward,4,56,420,0.9524843823281864,0.9085813606408514
Feature_Ward,4,57,416,0.6322688446296536,0.6370749182239563
Feature_Ward,4,58,416,0.9329052584286006,0.5868302129945832
Feature_Ward,4,59,418,0.6247109028978096,0.665660773568783
Feature_Ward,4,60,413,0.98253451151369,0.5919132242970014
Feature_Ward,4,61,409,0.5607064198522489,0.5447314865311574
Feature_Ward,4,62,419,0.9095637811270088,0.4888805274631602
Feature_Ward,4,63,415,0.14703222697764476,0.10827414807822729
Feature_Ward,4,64,419,0.7831434164674602,0.11587570858221453
Feature_Ward,4,65,411,0.0787526397548725,0.04707298797330813
Feature_Ward,4,66,422,0.15495519471601435,0.7546516380824226
Feature_Ward,4,67,412,0.9134800636559153,0.14240451124483172
Feature_Ward,4,68,416,0.9440488414287758,0.9375190439623345
Feature_Ward,4,69,419,0.13121948839533834,0.11555273423382886
Feature_Ward,4,70,414,0.0761510948506199,0.3209114164906853
Feature_Ward,4,71,416,0.07967908469883063,1.0
Feature_Ward,4,72,417,0.07951610791492508,1.0
Feature_Ward,4,73,416,0.5853997502227335,0.1632301393409718
Feature_Ward,4,74,409,0.07955802111273177,0.15942544444410137
Feature_Ward,4,75,414,0.879565277603398,0.09051442470248865
Feature_Ward,4,76,419,0.07958152095048864,0.07958930026841682
Feature_Ward,4,77,416,0.0885709208426763,1.0
Feature_Ward,4,78,419,0.8981163686187031,0.06242158152973972
Feature_Ward,4,79,415,0.8698908704136354,0.936032294397895
Feature_Ward,4,80,416,0.8797608426451465,0.9162838925354585
Feature_Ward,4,81,414,0.07462997337536263,0.06589746004217459
Feature_Ward,4,82,412,0.043288714828836276,0.9433988689916595
Feature_Ward,4,83,414,0.09085162422894308,0.5513842450642038
Feature_Ward,4,84,413,0.5612291495018468,0.17815770748764578
Feature_Ward,4,85,417,0.12792409864117568,0.23888308750584453
Feature_Ward,4,86,417,0.7123885734330125,0.10188586924971596
Feature_Ward,4,87,418,0.8371178666810851,0.8499958247598907
Feature_Ward,4,88,411,0.8941660915480149,0.8144530872062498
Feature_Ward,4,89,421,0.03765238928943228,0.0513759029439333
Feature_Ward,4,90,411,0.11912829210121237,0.48821075123026836
Feature_Ward,4,91,416,0.9163730542472651,0.11818756283659552
Feature_Ward,4,92,415,0.9269419001179373,0.9649971448918315
Feature_Ward,4,93,425,0.11760187938473288,0.061754547250881704
Feature_Ward,4,94,417,0.5554570173309515,0.167114422695773
Feature_Ward,4,95,417,0.9378271037556641,0.6126152476182857
Feature_Ward,4,96,417,0.09649628654493585,0.08855268345862002
Feature_Ward,4,97,420,0.09520555576376219,0.9382377194080673
Feature_Ward,4,98,413,0.16878887942982412,0.8021996002628085
Feature_Ward,4,99,418,0.6024053293493686,0.2559578402216793
Feature_Ward,5,0,422,0.7840124769043297,
Feature_Ward,5,1,413,0.5475503117152215,0.43313116132085194
Feature_Ward,5,2,419,0.8168741869184416,0.7131393199729241
Feature_Ward,5,3,414,0.6966582769902135,0.8668610318392973
Feature_Ward,5,4,417,0.15671196848263014,0.22666065060073193
Feature_Ward,5,5,418,0.4982211555837722,0.3180125222704844
Feature_Ward,5,6,420,0.6279263022629055,0.8352042732703514
Feature_Ward,5,7,417,0.8017828359661345,0.4306587759472777
Feature_Ward,5,8,415,0.6274617468590201,0.45833391475247587
Feature_Ward,5,9,421,0.8666033923853309,0.54273878105425
Feature_Ward,5,10,416,0.3676838833582338,0.2340684818654236
Feature_Ward,5,11,416,0.9133647231549238,0.33217576308086694
Feature_Ward,5,12,416,0.7060110432785739,0.6275931828958129
Feature_Ward,5,13,417,0.7330970305406971,0.5509127067975661
Feature_Ward,5,14,416,0.9586845851821143,0.7164500731782715
Feature_Ward,5,15,418,0.5168303587161711,0.5033354702629307
Feature_Ward,5,16,414,0.7098981295188354,0.304466497405714
Feature_Ward,5,17,415,0.7355246526570919,0.9680861143575076
Feature_Ward,5,18,418,0.46192167813504426,0.5016563194378952
Feature_Ward,5,19,416,0.8113644879916405,0.358423451876444
Feature_Ward,5,20,411,0.8381764022924549,0.692889519771363
Feature_Ward,5,21,420,0.22412463818581146,0.29019786809412135
Feature_Ward,5,22,423,0.8533312771170157,0.27840931630476423
Feature_Ward,5,23,416,0.8399226897317528,0.9017611262551158
Feature_Ward,5,24,412,0.7924758021748194,0.886222199711677
Feature_Ward,5,25,416,0.8112669864087804,0.8166823897377282
Feature_Ward,5,26,414,0.7223502586579007,0.952647387465345
Feature_Ward,5,27,412,0.7332626099761418,0.8991284962174162
Feature_Ward,5,28,416,0.5589178660142478,0.578781455561937
Feature_Ward,5,29,418,0.7970791846288664,0.6691029436933957
Feature_Ward,5,30,410,0.33303474365962543,0.47351198129633953
Feature_Ward,5,31,413,0.7903780783106317,0.19907390257652277
Feature_Ward,5,32,418,0.7007225201380729,0.881281033809645
Feature_Ward,5,33,422,0.8496949590517993,0.8409157318257003
Feature_Ward,5,34,414,0.15984263297585086,0.2051099812440475
Feature_Ward,5,35,411,0.5147474104718304,0.14305851427122476
Feature_Ward,5,36,413,0.7836687350257207,0.33137061502714654
Feature_Ward,5,37,413,0.8132234768279396,0.7558238709445981
Feature_Ward,5,38,417,0.69046373855837,0.6624218826015592
Feature_Ward,5,39,415,0.8013394269667972,0.5495864350714652
Feature_Ward,5,40,416,0.8544637953845801,0.9213013573251462
Feature_Ward,5,41,414,0.8172712370084092,0.692968001024341
Feature_Ward,5,42,418,0.9863415671479261,0.8223654885162127
Feature_Ward,5,43,416,0.614023046912363,0.6453208353796167
Feature_Ward,5,44,418,0.727806889622932,0.44106835528260535
Feature_Ward,5,45,418,0.7657996209581028,0.5690280874129313
Feature_Ward,5,46,414,0.5427213236048192,0.5521378467924115
Feature_Ward,5,47,415,0.8237189225561174,0.6954594287385858
Feature_Ward,5,48,423,0.9254199752121385,0.7723905180948711
Feature_Ward,5,49,418,0.7697665427671426,0.7012456914232843
Feature_Ward,5,50,418,0.785361568015943,0.8657365205386404
Feature_Ward,5,51,415,0.8578709802411463,0.8930318354527635
Feature_Ward,5,52,422,0.681398583884094,0.7286636970789039
Feature_Ward,5,53,419,0.851965125189441,0.7736923603794246
Feature_Ward,5,54,411,0.49859846863500196,0.6049730490956168
Feature_Ward,5,55,412,0.826823513278272,0.5932441971673874
Feature_Ward,5,56,420,0.8106517094323099,0.9000188713355451
Feature_Ward,5,57,416,0.645073846141913,0.5371823873018141
Feature_Ward,5,58,416,0.8109099266011457,0.5030087886626263
Feature_Ward,5,59,418,0.5186522259190833,0.40207880782600747
Feature_Ward,5,60,413,0.9559745409909819,0.5024132106229303
Feature_Ward,5,61,409,0.48824969497768966,0.4581565012773682
Feature_Ward,5,62,419,0.7832697610971947,0.5027118592832117
Feature_Ward,5,63,415,0.5118320607451994,0.5305699364884304
Feature_Ward,5,64,419,0.6691662875470057,0.4756824812521437
Feature_Ward,5,65,411,0.48257662497208104,0.46521438887721095
Feature_Ward,5,66,422,0.8630818673193864,0.5700697299920763
Feature_Ward,5,67,412,0.7831165252510482,0.8720353782104618
Feature_Ward,5,68,416,0.832226356155523,0.9295169316895221
Feature_Ward,5,69,419,0.3724809257345976,0.15559437413825386
Feature_Ward,5,70,414,0.7680345239858175,0.1301983535369969
Feature_Ward,5,71,416,0.796883453453414,0.9333714948796517
Feature_Ward,5,72,417,0.7159502698732765,0.8240464353973499
Feature_Ward,5,73,416,0.4841480967929195,0.4971705518484775
Feature_Ward,5,74,409,0.5682134687876764,0.8319313746381327
Feature_Ward,5,75,414,0.8876024979024901,0.4475419295607043
Feature_Ward,5,76,419,0.747778905950432,0.8343006201643425
Feature_Ward,5,77,416,0.6894960302373208,0.9540497108390847
Feature_Ward,5,78,419,0.7980900717235835,0.8754852518247367
Feature_Ward,5,79,415,0.7511403624085453,0.9130860388417873
Feature_Ward,5,80,416,0.8879984345728361,0.8133137130680814
Feature_Ward,5,81,414,1.0,0.8876021510576545
Feature_Ward,5,82,412,0.8044169583864659,0.8089733467451223
Feature_Ward,5,83,414,0.6360097978081276,0.7165210121465799
Feature_Ward,5,84,413,0.4647917395804725,0.4351944619253502
Feature_Ward,5,85,417,0.8420785039835647,0.5699447883288759
Feature_Ward,5,86,417,0.6942002257442064,0.6214225660036383
Feature_Ward,5,87,418,0.726972659018573,0.7336557224345018
Feature_Ward,5,88,411,0.7663541780332808,0.8189134307515836
Feature_Ward,5,89,421,0.6787843026461862,0.4792753998348888
Feature_Ward,5,90,411,0.7450037470529334,0.4691713862763872
Feature_Ward,5,91,416,0.8122377409399365,0.8149674134985326
Feature_Ward,5,92,415,0.9194702036852175,0.8541911051160667
Feature_Ward,5,93,425,0.7720784942120741,0.7673226382600871
Feature_Ward,5,94,417,0.4819989344605255,0.39968067230896764
Feature_Ward,5,95,417,0.8045948404675058,0.42074611856675037
Feature_Ward,5,96,417,0.7446436071847521,0.8124722110786896
Feature_Ward,5,97,420,0.7309284909105226,0.6934247767768047
Feature_Ward,5,98,413,0.17345418707542934,0.24659639019017326
Feature_Ward,5,99,418,0.6288661987772436,0.24395271014722988
Feature_Ward,6,0,422,0.7840101480450955,
Feature_Ward,6,1,413,0.5475702370962062,0.4331525126581892
Feature_Ward,6,2,419,0.8168801222140043,0.7131652826993673
Feature_Ward,6,3,414,0.6818526888823454,0.5910445531632265
Feature_Ward,6,4,417,0.5112413880591096,0.48278507415860056
Feature_Ward,6,5,418,0.4982417088713113,0.9501883473024217
Feature_Ward,6,6,420,0.6279395937412413,0.8352195452339969
Feature_Ward,6,7,417,0.8017859379302452,0.4306912310296095
Feature_Ward,6,8,415,0.6268170147876442,0.4589422207680492
Feature_Ward,6,9,421,0.8663801092964305,0.5435953940256708
Feature_Ward,6,10,416,0.930994730072232,0.8327675168908706
Feature_Ward,6,11,416,0.9133648658577814,0.8622866915599057
Feature_Ward,6,12,416,0.7024087397346754,0.6206107883166283
Feature_Ward,6,13,417,0.7330955640275492,0.5410010571101505
Feature_Ward,6,14,416,0.9586849062259085,0.7164494183752137
Feature_Ward,6,15,418,0.5176168372789841,0.5042366300980572
Feature_Ward,6,16,414,0.7099032302566755,0.3085726053515831
Feature_Ward,6,17,415,0.7335635958465682,0.9626834264592132
Feature_Ward,6,18,418,0.44329583710473097,0.2786683362224504
Feature_Ward,6,19,416,0.8113629469544783,0.6159096528473482
Feature_Ward,6,20,411,0.8382046464547456,0.6817664304042889
Feature_Ward,6,21,420,0.22418214683626447,0.32078470026344114
Feature_Ward,6,22,423,0.8533344356573918,0.2784517304579046
Feature_Ward,6,23,416,0.8399277680839069,0.9017655846705238
Feature_Ward,6,24,412,0.8674068590659354,0.8447943781482274
Feature_Ward,6,25,416,0.7919605510162337,0.7726621735774777
Feature_Ward,6,26,414,0.7223551861315048,0.9210058542501951
Feature_Ward,6,27,412,0.7310525857625545,0.8778639359362531
Feature_Ward,6,28,416,0.5589443948322337,0.5804306846129149
Feature_Ward,6,29,418,0.7818855821031354,0.6602318483293083
Feature_Ward,6,30,410,0.3330593814820505,0.48506296106084046
Feature_Ward,6,31,413,0.8025816104369062,0.20683234932724587
Feature_Ward,6,32,418,0.7045833241130556,0.8915425160957805
Feature_Ward,6,33,422,0.837324754481383,0.8311756365845318
Feature_Ward,6,34,414,0.4753468110755036,0.6274741136557552
Feature_Ward,6,35,411,0.5081082925413053,0.5600746145189417
Feature_Ward,6,36,413,0.7836750271995141,0.3261928655503289
Feature_Ward,6,37,413,0.8075759203516679,0.7550440854928424
Feature_Ward,6,38,417,0.691092108784959,0.6483437210189874
Feature_Ward,6,39,415,0.7852728583519836,0.5298837636438745
Feature_Ward,6,40,416,0.7779258040437971,0.6120528764052469
Feature_Ward,6,41,414,0.8172687011186913,0.9263090929346166
Feature_Ward,6,42,418,0.9863416354427816,0.8223600203666153
Feature_Ward,6,43,416,0.6140394634844208,0.6453369742355451
Feature_Ward,6,44,418,0.7287036256286276,0.4419255817555238
Feature_Ward,6,45,418,0.7658028108804538,0.5720826425119308
Feature_Ward,6,46,414,0.5426531957471292,0.5522141130818596
Feature_Ward,6,47,415,0.7979671385895679,0.7001164074152028
Feature_Ward,6,48,423,0.9071063084867944,0.7761749161604584
Feature_Ward,6,49,418,0.769773644681547,0.6776907364740582
Feature_Ward,6,50,418,0.785367074029082,0.8657451477748376
Feature_Ward,6,51,415,0.9709958039065235,0.7693374957104374
Feature_Ward,6,52,422,0.6814021650311728,0.6624831553994771
Feature_Ward,6,53,419,0.8519681125083838,0.7736978566468452
Feature_Ward,6,54,411,0.49862609007225095,0.6050001627747092
Feature_Ward,6,55,412,0.8268288606399099,0.593290868015669
Feature_Ward,6,56,420,0.8294727320541392,0.9007974128947612
Feature_Ward,6,57,416,0.6450896165503259,0.5554674102076397
Feature_Ward,6,58,416,0.8297354568595868,0.5210484874850926
Feature_Ward,6,59,418,0.5186564317129655,0.41345241418627304
Feature_Ward,6,60,413,0.9559749336013508,0.5024141914230988
Feature_Ward,6,61,409,0.4882872634644321,0.4582120721697167
Feature_Ward,6,62,419,0.762313589240175,0.518335801188806
Feature_Ward,6,63,415,0.5118646352977381,0.550289493365602
Feature_Ward,6,64,419,0.6464819061533533,0.26567522501496443
Feature_Ward,6,65,411,0.4825973827363246,0.25050717031327163
Feature_Ward,6,66,422,0.8629942254245937,0.5704241830987253
Feature_Ward,6,67,412,0.7903763166334926,0.8810202651469781
Feature_Ward,6,68,416,0.8237910988244026,0.9192125236893102
Feature_Ward,6,69,419,0.926951317813818,0.8011051522949105
Feature_Ward,6,70,414,0.7593353903003629,0.7175443580517464
Feature_Ward,6,71,416,0.7987601234553162,0.9312306140086408
Feature_Ward,6,72,417,0.6915591951276122,0.8019406094097611
Feature_Ward,6,73,416,0.48417918824784556,0.5084692792835397
Feature_Ward,6,74,409,0.5682349770413075,0.8319567015881738
Feature_Ward,6,75,414,0.8876025499271576,0.4475737521687262
Feature_Ward,6,76,419,0.732581485647831,0.8087980060450863
Feature_Ward,6,77,416,0.6894981857036003,0.9217364428161179
Feature_Ward,6,78,419,0.7834797021801727,0.8539223400191923
Feature_Ward,6,79,415,0.878770411649389,0.8411248529268421
Feature_Ward,6,80,416,0.8830705942169347,0.9325747784622211
Feature_Ward,6,81,414,0.9996956772649398,0.8867326934440344
Feature_Ward,6,82,412,0.8007333653987948,0.8083292410886652
Feature_Ward,6,83,414,0.6360130824461477,0.6964342053559625
Feature_Ward,6,84,413,0.46482562079470663,0.43523298441817854
Feature_Ward,6,85,417,0.8417801360241807,0.5699092172802818
Feature_Ward,6,86,417,0.6941996916623141,0.6211888632706855
Feature_Ward,6,87,418,0.7269796443479781,0.7336571094981108
Feature_Ward,6,88,411,0.7663614211303897,0.8189253613601756
Feature_Ward,6,89,421,0.6787932150103018,0.4793168097555066
Feature_Ward,6,90,411,0.7447211695895216,0.4691553938294788
Feature_Ward,6,91,416,0.8122443181683227,0.8150483712766688
Feature_Ward,6,92,415,0.9149926343209136,0.8393938722296124
Feature_Ward,6,93,425,0.772082629030062,0.7646500193821026
Feature_Ward,6,94,417,0.48200339183244223,0.399691810864737
Feature_Ward,6,95,417,0.8045997209831308,0.42076114354491445
Feature_Ward,6,96,417,0.7444149821499325,0.8124813043929716
Feature_Ward,6,97,420,0.7309400383171039,0.6933989693072855
Feature_Ward,6,98,413,0.8597197001114637,0.8146019755319891
Feature_Ward,6,99,418,0.6288779078870702,0.5560084962577636
