sample_id,platform_id,source_well,stage_id,monitor_well,cluster,boundary_flag,resamples_present,aligned_label_agreement
00391545a8e219,泸201H5,4,3,2,C1,False,80,1.0
0208011b753031,泸201H5,2,20,3,C1,False,77,1.0
021dd481c44144,泸201H5,4,18,1,C1,False,80,1.0
022c1182b1cfff,泸208H2,6,4,7,C2,False,85,1.0
0310075b399c25,泸208H2,9,16,8,C1,False,85,1.0
0328cc9f330703,泸201H5,4,18,2,C1,False,80,1.0
03787a25c1fae3,泸201H5,2,16,4,C1,False,78,1.0
03f83dd9f232e0,泸201H5,2,7,1,C1,False,84,1.0
04bca19f595dd6,泸208H1,5,26,4,C1,True,82,1.0
04f96c3d234d25,阳101H35,2,9,1,C1,False,87,1.0
05c01bdeb6ae63,泸203H66,1,18,3,C1,True,85,0.5764705882352941
069769b190c640,泸203H64,4,2,5,C1,False,85,1.0
06fc5e7d851ad9,泸203H66,2,16,1,C2,False,88,1.0
0702d970c78b21,泸201H5,3,18,2,C1,False,82,1.0
073272c209606f,泸201H5,1,17,4,C1,False,77,1.0
07d8f106795362,泸201H5,4,13,3,C1,False,78,1.0
07e175d7599e84,泸201H5,4,15,1,C1,False,79,1.0
0909413fcd30dc,泸203H64,4,9,1,C1,False,89,1.0
090db60a9be086,泸201H5,2,19,3,C1,False,84,1.0
09f08c8d151523,泸208H1,5,2,6,C2,False,84,1.0
0a352a3c2bf19b,泸201H5,2,8,3,C1,False,81,1.0
0a40242ccdaea4,泸201H5,3,3,1,C1,False,79,1.0
0b1da307e4799a,泸201H5,1,23,2,C1,False,78,1.0
0c09653e110e7c,泸203H64,4,2,2,C1,False,85,1.0
0c88d88882c8a2,泸203H66,2,16,3,C1,False,88,1.0
0ceb9f97c78f7c,泸203H11,6,22,5,C2,False,86,1.0
0d4aa215a71d84,泸203H64,4,10,1,C1,False,84,1.0
0ddacf773ef91d,泸206H8,5,6,7,C1,False,87,1.0
0e28774009dc3a,泸201H5,1,11,2,C1,False,81,1.0
0e53afa3e9d5cf,泸203H64,3,10,4,C1,False,87,1.0
0e7b32e28e53b2,泸201H5,2,8,4,C1,False,81,1.0
0eac4bf414c351,阳101H37,4,11,6,C1,False,100,1.0
1032e4261a1641,泸208H1,5,20,4,C2,False,83,1.0
11949df90948ca,泸201H5,1,11,3,C1,False,81,1.0
11d9aa3aaaf89c,阳101H33,1,10,2,C2,False,82,1.0
11eef16addb9c0,泸201H5,3,15,1,C1,False,78,1.0
12ac820130ca52,泸203H66,3,17,1,C1,False,86,1.0
1388b55ef470a1,泸208H2,9,7,10,C2,False,82,1.0
139359f4559416,泸203H64,3,1,4,C2,False,85,1.0
13c6aabfbcab35,泸203H64,4,9,3,C1,False,89,1.0
14111da8486e17,泸201H5,2,7,4,C1,False,84,1.0
142b8dde1d29d6,泸208H1,4,4,5,C2,False,82,1.0
15c28c3ee91376,泸203H153,5,4,6,C2,False,88,1.0
1623a98c35ccd8,泸201H5,1,16,4,C1,False,76,1.0
162e1b4c856f40,泸201H5,3,12,4,C1,False,82,1.0
169248eea4238a,阳101H35,3,8,2,C2,False,86,1.0
176286c7da91a4,泸203H91,3,6,2,C2,False,100,1.0
179ecee02bac59,泸203H76,1,19,2,C2,False,81,0.8395061728395061
17aef3d9d02efb,泸203H64,3,9,5,C2,True,76,0.8289473684210527
17bf53e5c7feae,泸203H64,5,14,3,C1,False,83,1.0
17f1688b429ac2,泸201H5,2,10,1,C1,False,82,1.0
1856e21cc71d89,泸203H9,3,1,4,C2,False,100,1.0
18948c64b2a0f7,阳101H34,2,9,1,C1,False,80,1.0
18eb436caf87f2,泸201H5,3,21,2,C1,False,83,1.0
19294c5d86b2a2,泸206H8,4,1,1,C1,False,79,1.0
19f103a0f03ef9,泸201H5,1,23,3,C1,False,78,1.0
1a266d082fc066,泸201H5,4,24,1,C1,False,79,1.0
1a799accd98992,泸203H76,2,17,4,C1,False,83,1.0
1a8c6b635bc434,泸208H2,8,13,7,C1,False,84,1.0
1ae4adf98e414c,泸201H5,1,17,2,C1,False,77,1.0
1b322807c707cc,泸208H1,5,8,6,C2,False,78,1.0
1d9cf0c6e1a03b,泸203H64,5,9,1,C1,False,90,1.0
1e1b22dfd3ed4c,阳101H35,2,9,3,C2,False,87,1.0
1e5e81a7ffc0ff,阳101H43,3,21,2,C2,True,100,0.84
1f918e9209a431,泸201H5,4,21,3,C1,False,79,1.0
2015078d8ffd57,泸201H5,1,15,4,C1,False,80,1.0
20cceb34da55bf,泸201H5,3,12,1,C1,False,82,1.0
2180e83396cd11,阳101H34,2,9,4,C1,False,80,1.0
21b9823dde0ec4,泸201H5,2,15,4,C1,False,82,1.0
23401ea5dc37ef,泸201H5,3,19,4,C2,False,80,1.0
2369f65dfc5d73,泸201H5,3,11,2,C1,False,73,1.0
23c57f02537b91,泸201H5,3,1,4,C1,False,87,1.0
23fffa7a57cde2,阳101H51,2,8,3,C2,False,80,1.0
2430fa6d519260,阳101H33,3,4,4,C2,False,88,1.0
24646abea5c992,泸206H8,1,12,2,C2,False,84,1.0
24ee052bd27ec1,泸201H5,2,3,4,C1,False,87,1.0
256c145d2b6334,泸203H64,5,9,2,C1,False,90,1.0
25e1260dbf0c41,阳101H34,1,8,2,C1,False,88,1.0
266620d71d4b94,泸201H5,4,17,2,C1,False,80,1.0
27aa95612555c6,泸206H8,5,3,6,C1,False,84,1.0
27cb735f254977,泸201H5,2,5,3,C1,False,80,1.0
287a7fff4c417f,泸201H5,2,23,3,C1,False,84,1.0
28c4ed902b32db,泸201H5,4,1,2,C1,False,89,1.0
29060787c7aba5,泸201H5,3,1,2,C1,False,87,1.0
2923526e0464d5,泸201H5,3,7,1,C1,False,75,1.0
29ef0c29107d6d,泸208H2,10,8,9,C2,False,83,1.0
2aafa932f2a9a2,泸201H5,2,21,3,C1,False,78,1.0
2bac6d3be9be8c,泸201H5,4,3,3,C2,False,80,1.0
2cc7f2c9cdc121,阳101H33,4,6,3,C2,False,83,1.0
2ccd315f9e3392,泸208H1,4,6,3,C2,False,78,1.0
2d6b387e962665,泸203H64,5,12,1,C1,False,88,1.0
2dada82de4aa9d,泸208H1,5,14,6,C1,False,82,1.0
2df71badeff7f5,泸206H8,2,19,1,C2,False,73,1.0
2e2cc14d63af48,泸208H2,8,11,10,C1,False,81,1.0
2eba4b3d0837c1,泸201H5,2,20,1,C1,False,77,1.0
2f346aaebbcaf0,泸208H1,4,2,3,C2,False,75,1.0
2f4c22493b6475,泸203H76,3,17,2,C1,False,85,1.0
2f501bfa3f03d7,泸203H153,5,3,6,C1,False,82,1.0
3021fc233a5082,泸201H5,4,3,1,C1,False,80,1.0
333c05264e9b90,泸203H64,5,14,1,C1,False,83,1.0
35631e2dee65e7,泸201H5,4,6,3,C2,False,78,1.0
359a286a5d2d80,阳101H34,3,6,2,C2,False,84,1.0
3607a6f09dcaf2,泸206H8,4,1,8,C1,False,79,1.0
3619a887922ee1,泸201H5,4,12,3,C1,False,79,1.0
361b00c1798782,泸201H5,1,17,3,C1,False,77,1.0
37712c3e2635cb,泸208H1,4,1,3,C1,False,80,1.0
37c151f312f9c2,泸203H64,3,9,2,C1,False,76,1.0
386299299569d9,泸201H5,1,11,4,C1,False,81,1.0
38f1ba8d2531d7,泸206H8,5,4,7,C1,False,84,1.0
390980c710beba,泸201H5,1,6,2,C1,False,82,1.0
39a0cae2bc5592,泸201H5,3,24,2,C1,False,80,1.0
39d337c0a852cf,泸201H5,3,11,1,C1,False,73,1.0
39e599c8155abb,泸203H64,4,10,3,C1,False,84,1.0
3a39231aaa9b91,阳101H35,2,3,1,C2,False,87,1.0
3a5c1d658b5e12,阳101H33,3,5,1,C1,False,88,1.0
3a860131896dde,泸201H5,3,21,1,C1,False,83,1.0
3b6aa71a4a4457,阳101H34,3,22,4,C1,False,85,1.0
3bc422574f766b,泸203H64,3,9,1,C1,False,76,1.0
3c88e0360abaef,阳101H35,2,9,4,C1,False,87,1.0
3c89e0c4113293,泸203H64,4,8,3,C2,False,79,1.0
3d228630d3d6bd,泸201H5,2,13,4,C1,False,83,1.0
3d2334e2805d60,泸201H5,4,11,3,C1,False,75,1.0
3dab395c0badd2,泸201H5,1,3,3,C1,False,80,1.0
3dca364196bd7c,泸201H5,1,13,3,C1,False,85,1.0
3e469117bbd75b,泸201H5,1,15,3,C1,False,80,1.0
3e4b107517bf81,泸208H2,1,2,2,C2,False,80,1.0
3ef9cf2a9047de,泸203H66,1,16,3,C1,False,87,1.0
3f17c3147716e6,泸203H64,4,3,1,C1,False,86,1.0
3f64da094d2dbc,泸201H5,4,9,2,C1,False,80,1.0
40194a3c900c78,阳101H34,4,13,3,C2,False,83,1.0
404f64b2050b53,泸208H1,4,14,5,C2,False,77,1.0
408f3a99de016e,泸206H8,5,6,8,C1,False,87,1.0
40be90c50ca73b,泸203H76,3,17,1,C1,False,85,1.0
40c627a59f5ba6,泸206H8,4,1,6,C1,False,79,1.0
41377507d21594,泸203H66,3,13,1,C1,False,86,1.0
415f031bfbdca7,泸201H5,4,4,3,C2,False,80,1.0
428702969b61f5,泸206H8,5,4,6,C1,False,84,1.0
42ac971a6544db,泸201H5,1,3,2,C1,False,80,1.0
430a4c9939cfc8,泸201H5,1,20,3,C1,False,80,1.0
434df72d5d967d,泸201H5,3,22,1,C1,False,88,1.0
4567bb54752d71,泸203H64,3,7,2,C1,False,83,1.0
45b16a2535db83,泸201H5,4,24,2,C1,False,79,1.0
477b7661fece8d,泸206H8,4,2,8,C1,False,80,1.0
487571acd8c820,阳101H51,3,2,1,C2,False,81,1.0
490c0f5a7c321c,泸201H5,4,25,3,C2,False,75,1.0
495bdb340cad2d,泸201H5,4,27,1,C1,False,76,1.0
4a0acc23c807a4,泸201H5,2,17,3,C1,False,77,1.0
4a8098992f4a6c,泸201H5,4,20,3,C2,False,78,1.0
4a8ed0f1c55ae9,泸201H5,2,7,3,C1,False,84,1.0
4a951ea97485f2,泸203H64,4,11,5,C1,False,85,1.0
4ab3d4ff8046e0,泸201H5,4,13,2,C1,False,78,1.0
4ac74cb44752c8,泸203H64,3,10,2,C2,True,87,0.8735632183908046
4b7b554a25e1ba,泸201H5,1,10,2,C1,False,80,1.0
4cf667c5f237d1,泸201H5,2,22,1,C1,False,79,1.0
4d0c7d76a1fb5d,泸201H5,3,2,4,C1,False,78,1.0
4d783fff405810,泸201H5,2,19,4,C1,False,84,1.0
4e8bce0178b2dd,阳101H51,3,2,2,C2,False,81,1.0
4ec72b5a9b2020,泸201H5,3,5,4,C1,False,82,1.0
4ee6b3c828d02b,泸203H11,2,7,3,C2,False,85,1.0
4f6c5ec45514e2,泸201H5,1,4,4,C1,False,82,1.0
4fc1b4c6c982dc,阳101H33,2,7,1,C1,False,81,1.0
505918d3f01932,泸201H5,2,14,3,C1,False,73,1.0
516e828b2a9269,泸201H5,3,20,1,C1,False,79,1.0
525a4c633a7412,阳101H51,3,6,2,C1,False,83,1.0
52f9f7ba154143,泸201H5,3,23,2,C1,False,87,1.0
530a361d3d51e1,泸201H5,1,10,4,C1,False,80,1.0
5313709d77d11a,泸203H76,3,11,2,C2,False,87,1.0
53655a34c6b071,泸201H5,4,9,3,C1,True,80,1.0
536753be0bc67b,泸201H5,3,8,2,C1,False,82,1.0
5420adb472639e,泸206H8,5,7,7,C1,False,85,1.0
5574ddcbdbb673,阳101H43,3,21,4,C2,False,100,1.0
55a6fde14da101,泸206H8,5,4,1,C1,False,84,1.0
55ca26e5f46291,泸201H5,1,7,3,C1,False,77,1.0
55e2178c15624b,泸203H76,2,17,1,C2,False,83,1.0
562293378123ac,泸201H5,2,9,1,C1,False,86,1.0
562b7227450baf,泸203H64,4,9,2,C1,False,89,1.0
56462f0785072e,泸203H66,1,20,3,C1,False,82,1.0
56c72e811738ea,泸203H9,3,3,6,C1,False,100,1.0
572af27337d79a,泸201H5,3,19,2,C1,False,80,1.0
57822a6445e27f,泸206H8,4,4,1,C1,False,75,1.0
57dcda854bff16,泸201H5,3,5,2,C1,False,82,1.0
58496a5bc5e02d,泸208H1,4,9,3,C2,False,77,1.0
5889f450730f60,泸201H5,4,11,2,C1,False,75,1.0
58aad583ef7678,阳101H37,4,10,6,C1,False,100,1.0
58bd7254b598f4,泸201H5,3,9,4,C1,False,83,1.0
590da199b71215,阳101H37,3,12,2,C1,False,100,1.0
596bcb85e858a3,泸201H5,4,4,2,C1,False,80,1.0
5970166513cc75,泸203H8,2,2,3,C2,False,100,1.0
59758517ed6084,泸201H5,4,9,1,C1,False,80,1.0
59a6c77504573c,泸201H5,4,18,3,C1,False,80,1.0
59c48a603a29ce,阳101H51,2,16,4,C1,False,77,1.0
5a37372c4c05d4,泸201H5,3,23,1,C1,False,87,1.0
5b2c74a622a5af,泸208H2,9,7,8,C1,False,82,1.0
5b9cdf438fabd2,泸206H8,4,19,1,C1,False,88,1.0
5bad11a94b9453,阳101H51,3,6,1,C1,False,83,1.0
5c277a119bee3b,泸203H64,5,9,4,C1,False,90,1.0
5c59056a76cbf1,泸201H5,3,22,4,C1,False,88,1.0
5c94651195754d,泸201H5,4,1,1,C1,False,89,1.0
5d99b6c6f126fe,泸203H76,2,17,3,C2,False,83,1.0
5de9a4bde1b524,泸203H64,4,3,2,C1,False,86,1.0
5e1c5d71d176c6,泸201H5,1,22,4,C1,False,75,1.0
5ec5edddeb2d18,泸201H5,4,4,1,C1,False,80,1.0
618b8f81a158ca,泸201H5,3,24,1,C1,False,80,1.0
619f0d145ea09f,泸201H5,3,13,4,C2,False,79,1.0
61f62c8483bc6b,泸203H11,7,9,5,C1,False,83,1.0
6351be43f02601,泸201H5,2,24,4,C1,False,82,1.0
642527539da1c9,泸201H5,2,8,1,C1,False,81,1.0
6466ff4dd39244,泸206H8,4,19,2,C1,True,88,0.7613636363636364
64a7ce6102e98d,泸203H64,4,2,1,C1,False,85,1.0
6504f5dbae2e82,泸208H1,3,1,4,C2,False,79,1.0
655360ab176657,泸208H1,4,3,3,C2,False,88,1.0
66a4bf85d375c0,泸201H5,2,5,1,C1,False,80,1.0
66c6d3a76a4c27,泸201H5,2,11,3,C1,False,80,1.0
671f66c8f3cf96,泸203H64,5,12,2,C1,False,88,1.0
6764e0c4c2be19,泸201H5,3,19,1,C1,False,80,1.0
6787ab0f9b8dc6,泸201H5,3,9,2,C1,False,83,1.0
67e438ed492de3,泸203H91,3,5,2,C2,False,100,1.0
689b16f4c51770,泸206H8,4,1,7,C1,False,79,1.0
690673803105dc,泸201H5,3,18,4,C2,False,82,1.0
691e1c6cc7acb4,泸208H2,6,4,8,C2,False,85,1.0
69be660851648e,泸201H5,1,7,4,C1,False,77,1.0
69dc48c41f77ad,阳101H51,2,7,3,C2,False,79,1.0
6a2793517b6b0e,阳101H34,4,13,2,C1,False,83,1.0
6a8a45c6aa7370,泸201H5,4,11,1,C1,False,75,1.0
6a98472d267bab,泸201H5,2,21,4,C1,False,78,1.0
6b9d3f991fd3ff,泸201H5,4,15,3,C1,False,79,1.0
6bb13533105e59,泸201H5,3,21,4,C1,False,83,1.0
6bba65da5894e6,泸206H8,4,2,7,C1,False,80,1.0
6bbd295ce48a09,泸203H76,3,11,4,C2,False,87,1.0
6c1cfab79799fd,泸201H5,1,18,4,C1,False,80,1.0
6c7e0c04841d46,泸203H64,3,9,4,C1,False,76,1.0
6cb23f110791e0,泸201H5,3,3,4,C1,False,79,1.0
6cb6a352ab53cf,泸201H5,2,3,1,C1,False,87,1.0
6d0a792f33dc29,泸208H2,9,20,8,C1,False,91,1.0
6d0d57f6ade004,泸206H8,4,19,3,C2,False,88,1.0
6e16d6a6c078fc,泸201H5,4,5,1,C1,False,75,1.0
6eb33203c70797,泸201H5,1,4,3,C1,False,82,1.0
6fc1c8a23806b9,泸201H5,2,12,3,C1,False,78,1.0
6ff6645d244646,泸203H64,3,10,5,C2,False,87,1.0
704e6c25fd9d72,泸201H5,2,10,3,C1,False,82,1.0
7183e2e6998819,泸201H5,3,5,1,C1,False,82,1.0
72e08cdfb51751,泸208H2,10,19,9,C2,False,75,1.0
72fa1c7670245d,泸201H5,3,14,1,C1,False,75,1.0
72fbe26fa1ae36,泸201H5,3,7,4,C1,False,75,1.0
7376b7ce3418fb,泸203H64,4,10,5,C1,False,84,1.0
73a6caf56c0930,泸201H5,1,23,4,C1,False,78,1.0
74086c3c1e306f,泸208H2,6,5,7,C2,False,85,1.0
74bad7654f8a96,阳101H51,2,8,1,C2,False,80,1.0
74f87645c3a364,泸201H5,4,26,3,C2,False,81,1.0
76acb756b25a9d,阳101H33,2,6,1,C2,False,90,1.0
775e1cb41c2d18,泸201H5,4,6,1,C1,False,78,1.0
776ce316ce647b,泸203H153,5,2,6,C1,False,77,1.0
77cb5e4af8be07,泸203H9,2,28,1,C2,False,100,0.87
77deffcb8b68d0,阳101H33,3,4,2,C2,False,88,1.0
77e8e2b0819ef6,泸201H5,4,10,2,C1,False,72,1.0
77ff1f143e12cf,泸203H64,3,10,1,C1,True,87,1.0
7839bac291abfc,泸201H5,4,19,3,C1,False,80,1.0
7901359f508484,泸203H76,3,16,1,C1,False,82,1.0
7905e8c479123e,阳101H35,2,4,1,C2,False,83,1.0
7913387af594d8,泸201H5,3,1,1,C1,False,87,1.0
791f11c6cfa378,阳101H33,3,4,1,C1,False,88,1.0
792316b5340bb5,泸201H5,3,10,1,C1,False,84,1.0
7953c305d2b21d,阳101H33,3,5,2,C2,False,88,1.0
79be601773ca83,泸208H1,4,9,5,C2,False,77,1.0
7a0e04e1477030,泸201H5,2,23,4,C1,False,84,1.0
7a13f481038731,泸201H5,1,18,2,C1,False,80,1.0
7a7ca0a142da8e,泸206H8,1,12,3,C1,False,84,1.0
7b6bd4d316189f,泸201H5,2,9,3,C1,False,86,1.0
7cd9c43e3d1fc5,泸201H5,1,6,4,C1,False,82,1.0
7d09e04c4aa3ce,泸201H5,2,9,4,C1,False,86,1.0
7dc9261d5bd30b,泸201H5,4,21,1,C1,False,79,1.0
7dcb78e27b3a7c,泸201H5,3,4,4,C1,False,73,1.0
7de6da17ec6cc5,阳101H34,6,4,5,C1,False,80,1.0
7e6c70572c5b8e,阳101H33,2,6,3,C2,False,90,1.0
7eee2b054b06f4,泸203H11,4,3,3,C2,False,84,1.0
7f0a04e8747386,泸208H1,4,10,6,C2,False,79,1.0
801f760d1dad63,泸201H5,2,17,1,C1,False,77,1.0
808f9c7784cf22,泸206H8,5,7,1,C1,False,85,1.0
8095b97dde8f1c,泸201H5,3,7,2,C1,False,75,1.0
80b7e580ad00b7,泸201H5,1,13,2,C1,False,85,1.0
812a3e3ac3ab86,泸203H66,2,24,3,C2,True,85,0.8352941176470589
8169a37d978920,泸203H64,4,11,1,C1,False,85,1.0
81a841e7992803,泸201H5,4,25,1,C1,False,75,1.0
82949d87001eaa,泸203H66,2,22,1,C2,False,86,1.0
834b8d690f17ac,泸201H5,3,9,1,C1,False,83,1.0
841cf84bebb8b0,泸203H66,1,5,4,C2,False,82,0.8536585365853658
848f09ef14a038,泸201H5,3,24,4,C1,False,80,1.0
84c990bed729a4,泸206H8,1,12,5,C1,False,84,1.0
8536f55fd7992b,泸208H2,9,5,10,C2,False,76,1.0
86ff8f65c2252e,泸201H5,3,8,1,C1,False,82,1.0
872ba978889d4e,泸201H5,1,7,2,C1,False,77,1.0
873727344a5965,泸203H66,3,15,2,C2,False,79,1.0
8801016901a2f8,泸203H64,5,12,3,C1,False,88,1.0
8b837444bb8cf3,阳101H35,3,8,1,C1,False,86,1.0
8bdd4de6d372ff,泸206H8,4,2,6,C1,False,80,1.0
8c0c059096d3aa,泸208H2,9,20,10,C2,False,91,1.0
8c67e4532c3eea,泸201H5,3,6,1,C1,False,82,1.0
8cbd9f6e7ce8b5,泸203H66,3,13,2,C2,False,86,1.0
8d11691f39424b,泸206H8,5,6,1,C1,False,87,1.0
8d9b8115771d11,泸201H5,4,17,1,C1,False,80,1.0
8e175407c3208a,泸203H76,3,16,4,C1,False,82,1.0
8e3c4557838265,泸208H1,5,9,4,C2,False,80,1.0
8e3fcefd00b5f3,泸201H5,3,13,2,C1,False,79,1.0
90558059b98543,泸201H5,2,6,1,C1,False,79,1.0
90b064c522edc4,泸201H5,1,22,3,C1,False,75,1.0
91cfd1622ce1a1,泸201H5,4,12,1,C1,False,79,1.0
9220b32ea8aebc,泸201H5,4,14,2,C1,False,82,1.0
92b61bd93cc7b2,泸201H5,4,1,3,C2,False,89,1.0
92fcc8d0ab389d,泸201H5,3,2,2,C1,False,78,1.0
930fcb4c9d97f7,泸201H5,4,27,2,C1,False,76,1.0
93177db24bacfd,泸203H66,3,25,1,C1,False,86,1.0
932c7037c34d65,泸203H64,5,12,4,C1,False,88,1.0
933299e0830b5d,泸208H2,10,16,9,C2,False,81,1.0
93d8408db2d129,泸201H5,1,4,2,C1,False,82,1.0
945620d24eaac9,泸201H5,3,16,2,C1,False,92,1.0
94627054f653d0,泸201H5,4,12,2,C1,False,79,1.0
94807a8a25ebcf,泸201H5,4,24,3,C2,False,79,1.0
951076446d3f90,泸201H5,1,8,4,C1,False,77,1.0
95f242025d01e6,泸203H76,3,3,4,C1,False,82,1.0
97e4e0ec81cdac,泸201H5,4,21,2,C1,False,79,1.0
98973fb8d636b7,泸203H153,5,13,6,C1,False,79,1.0
99ec2b2ab4f691,泸203H64,4,3,5,C1,False,86,1.0
9b9342dc222eda,泸201H5,1,20,2,C1,False,80,1.0
9bbdaa6740a3a8,泸201H5,2,17,4,C1,False,77,1.0
9bbf61a0278e0b,泸201H5,3,18,1,C1,False,82,1.0
9ca920c53e4043,泸201H5,2,3,3,C1,False,87,1.0
9cb17af2b6f89d,泸208H1,5,16,4,C2,False,84,1.0
9cb61113b67c1a,泸201H5,2,5,4,C1,False,80,1.0
9e606d7f29b516,泸201H5,3,15,2,C1,False,78,1.0
9e979ae2db99f0,泸201H5,1,20,4,C1,False,80,1.0
9edd3050cbb7ae,泸203H9,3,3,1,C1,False,100,1.0
9f0819624f623e,泸203H11,1,3,8,C2,False,86,1.0
9f1f56354ddd28,泸208H1,4,4,3,C2,False,82,1.0
a029b4f6f079e4,泸208H2,10,5,9,C2,False,80,1.0
a115587e3b6c43,泸201H5,3,16,1,C1,False,92,1.0
a3bc67116f79d4,泸208H2,10,13,9,C1,False,76,1.0
a3bdecdf30f4a2,泸206H8,5,7,6,C1,False,85,1.0
a41fa41a69a152,泸203H153,6,21,5,C2,False,74,1.0
a595b50564f97a,泸201H5,1,19,4,C1,False,82,1.0
a616b6f05d30d0,泸201H5,4,6,2,C1,False,78,1.0
a640800ca0702d,泸203H64,4,10,2,C1,False,84,1.0
a7336aaca49fc0,泸201H5,2,15,3,C1,False,82,1.0
a74dcae613276e,泸201H5,4,27,3,C2,False,76,1.0
a966ad83faf7fd,泸203H64,4,9,5,C1,False,89,1.0
a98967c04aeee7,泸206H8,5,7,8,C1,False,85,1.0
a9917edd2cb8f4,泸201H5,2,2,1,C1,False,79,1.0
aa36dddb47daae,泸201H5,2,24,3,C1,False,82,1.0
aa84d7807b8db3,泸201H5,4,20,2,C1,False,78,1.0
aab45ad11b0de2,阳101H35,1,5,2,C2,False,84,1.0
ab40e566b8fab3,泸201H5,4,10,1,C1,False,72,1.0
ac85ba2ee13fec,泸203H64,3,1,1,C1,False,85,1.0
ad3bcf82e0d306,泸203H64,4,2,3,C2,False,85,1.0
ad7b4737451f09,泸201H5,4,17,3,C1,False,80,1.0
adfbb563cbabed,泸201H5,2,13,1,C1,False,83,1.0
ae03c4bdfb9e5c,泸208H1,5,4,6,C2,False,83,1.0
ae7cc1a1f308c3,泸201H5,3,16,4,C2,False,92,1.0
aeebc0d5c31e5f,泸203H66,3,25,2,C2,False,86,1.0
af36904be73fe9,泸201H5,3,13,1,C1,False,79,1.0
afaa7cb77d16ee,泸203H76,3,16,2,C1,False,82,1.0
afbdfc35a79375,阳101H34,2,9,3,C1,False,80,1.0
b0502c22af22ee,泸206H8,5,4,8,C1,False,84,1.0
b13a3aa1c79bb5,泸203H66,3,12,1,C1,False,85,1.0
b15987fed7beb4,泸201H5,2,6,3,C1,False,79,1.0
b15d0a7f08f2fe,泸201H5,1,8,3,C1,False,77,1.0
b1a78618e59a23,泸208H2,7,6,8,C1,False,83,1.0
b20a7c2dbc4fe0,泸201H5,1,12,3,C1,False,77,1.0
b2ae5ff8e5d39d,阳101H37,3,9,2,C1,False,100,1.0
b41e6a1c145646,泸203H64,4,8,5,C1,False,79,1.0
b4631faaaa981e,泸201H5,2,20,4,C1,False,77,1.0
b50fac778499ad,泸201H5,2,6,4,C1,False,79,1.0
b5f7bf685de5c1,泸203H64,4,8,2,C1,False,79,1.0
b65e99a96374a3,泸208H1,5,14,4,C2,False,82,1.0
b748824af4c0af,泸201H5,4,20,1,C1,False,78,1.0
b8de6b5eb08e53,泸201H5,2,22,4,C1,False,79,1.0
b9d8c536850c71,泸203H64,3,1,2,C1,False,85,1.0
ba9afb651ef719,阳101H34,3,22,2,C2,False,85,1.0
baaf3c2600e78f,泸201H5,3,15,4,C2,False,78,1.0
bafebe77e93990,泸201H5,3,10,2,C1,False,84,1.0
bb232c459d9e5f,阳101H51,2,16,1,C2,False,77,1.0
bb7e5a86a05263,泸208H2,7,2,6,C1,False,78,1.0
bc033af54c1760,泸201H5,2,13,3,C1,False,83,1.0
bc09293c35c72c,泸201H5,3,3,2,C1,False,79,1.0
bd38bbb097651c,泸201H5,4,19,1,C1,False,80,1.0
bd69ada0deb90c,泸208H2,8,10,10,C1,False,83,1.0
be52abbfddcd63,泸201H5,2,2,3,C1,False,79,1.0
be741a37611d22,泸201H5,2,14,1,C1,False,73,1.0
bef0dbf1efd8bd,泸201H5,4,5,3,C2,False,75,1.0
bf22361c022a86,泸201H5,4,13,1,C1,False,78,1.0
bf37b58f032054,泸208H1,5,3,6,C2,False,81,1.0
c0b70bc5b6053d,泸203H64,4,8,1,C1,False,79,1.0
c142553a20a7c2,泸203H9,3,3,4,C2,False,100,1.0
c21471be7cb555,泸208H2,8,14,9,C2,False,79,1.0
c21b1e13b2169c,泸203H64,3,7,5,C1,False,83,1.0
c2acc9f5806036,泸201H5,1,9,2,C1,False,78,1.0
c2b0b2124401b6,泸201H5,2,4,3,C1,False,83,1.0
c2b862b894803a,泸208H2,9,16,10,C2,False,85,1.0
c4109edc8dfa86,泸203H64,3,7,1,C1,False,83,1.0
c45e3a4e9fe719,泸201H5,1,16,2,C1,False,76,1.0
c5516cdae8b81d,泸203H64,4,11,2,C1,False,85,1.0
c5ce3b0ec16b35,泸208H1,4,3,5,C2,False,88,1.0
c64bd582ada5c9,泸208H1,4,13,5,C2,False,87,1.0
c675216173b228,泸208H1,5,23,4,C2,False,80,1.0
c67b7fc2809d07,阳101H35,3,8,4,C1,False,86,1.0
c70a23de5eee9e,泸203H11,1,6,2,C2,False,88,1.0
c7130c17f9aa79,泸203H66,1,20,2,C2,False,82,1.0
c7cbf23d6b7b44,泸201H5,1,8,2,C1,False,77,1.0
c7d58fb027bf4a,泸206H8,5,3,1,C1,False,84,1.0
c80e5388a077f1,阳101H33,3,5,4,C2,False,88,1.0
c83506389cee3a,泸208H2,8,11,9,C2,False,81,1.0
c8578ed28076ac,泸206H8,4,3,1,C1,False,81,1.0
c8ea1ee8b7d7c0,阳101H33,2,7,3,C2,False,81,1.0
c8ffd274e5c3d0,泸203H76,1,19,4,C1,False,81,1.0
c9377c9ca08887,泸201H5,4,26,2,C1,False,81,1.0
c943d58abce2b9,泸201H5,1,9,3,C1,False,78,1.0
ca7e11c66c0072,泸203H64,4,11,3,C1,False,85,1.0
cbc6555a40b706,泸201H5,2,14,4,C1,False,73,1.0
cd7fb5719f0ca9,泸201H5,2,16,1,C1,False,78,1.0
ce208a3e945518,泸203H10,4,9,3,C2,False,100,1.0
d0083d1b022425,阳101H35,1,4,2,C1,False,82,1.0
d07586b3d6d986,泸201H5,3,23,4,C1,False,87,1.0
d1d57342596fb1,泸201H5,3,10,4,C2,True,84,0.8333333333333334
d1db7c157350f4,泸203H66,2,22,3,C2,False,86,1.0
d2463fd950c37a,泸201H5,4,26,1,C1,False,81,1.0
d2db7b2c9270f4,阳101H35,1,2,2,C2,False,91,1.0
d3143712c6369f,泸206H8,2,19,3,C2,False,73,1.0
d4b55fd40c82eb,泸201H5,3,6,2,C1,False,82,1.0
d52dcc9a11d163,泸203H64,5,9,3,C2,False,90,1.0
d68a8f89222471,阳101H33,3,10,4,C2,False,88,1.0
d705268dac733a,泸203H76,3,17,4,C1,False,85,1.0
d854f413db272e,泸206H8,4,2,5,C1,False,80,1.0
d8e02a32e7172d,泸201H5,3,4,2,C1,False,73,1.0
d8fb5f5d1b86f1,泸208H1,6,2,5,C2,False,83,1.0
d9033c14a4bd85,泸201H5,2,12,1,C1,False,78,1.0
da210fe99631db,泸201H5,3,22,2,C1,False,88,1.0
dac3293bee55cc,泸201H5,1,18,3,C1,False,80,1.0
dacabaf6065e3a,泸201H5,2,23,1,C1,False,84,1.0
dadc734e914c3d,泸208H1,6,3,5,C2,False,76,1.0
db7e677e2f26c3,泸203H66,3,17,2,C1,False,86,1.0
dc06acfbd01867,泸208H1,4,16,5,C2,False,84,1.0
dc5531850e264d,泸203H66,1,16,2,C2,False,87,1.0
dc8f3dae0d0627,泸203H76,3,11,1,C1,False,87,1.0
dd906389e5295e,泸201H5,2,22,3,C1,False,79,1.0
ddb0c40afe0211,泸201H5,1,13,4,C1,False,85,1.0
df82f47d77ed81,泸201H5,3,6,4,C1,False,82,1.0
dfe148b1b9c4e9,泸201H5,3,8,4,C1,False,82,1.0
e0c9ff040737a3,泸203H64,3,7,4,C1,False,83,1.0
e0f67a8e9d30b8,泸201H5,3,12,2,C1,False,82,1.0
e17f5f176ed090,泸203H8,2,6,1,C2,False,100,1.0
e2ba17ebf3b7aa,泸201H5,1,19,2,C1,False,82,1.0
e2ff34b8c8e8f1,泸208H1,5,18,4,C2,False,77,1.0
e3080593b39a84,泸208H1,5,25,4,C2,False,76,1.0
e35dc177d60c7e,泸201H5,3,14,2,C1,False,75,1.0
e38ef7f5b5f019,泸201H5,2,15,1,C1,False,82,1.0
e3aaf75d2ef3fe,泸203H76,1,19,3,C1,False,81,1.0
e3b9e06279548a,泸201H5,2,2,4,C1,False,79,1.0
e45a31e0ae3285,泸208H2,9,5,8,C1,False,76,1.0
e465797e727397,泸206H8,4,2,1,C1,False,80,1.0
e4cb2a7db8ddde,泸201H5,2,10,4,C1,False,82,1.0
e5935bef111212,泸201H5,4,25,2,C1,False,75,1.0
e7411ea33c2c7e,泸206H8,5,3,7,C1,False,84,1.0
e91ac0b73ea9e8,泸201H5,2,4,1,C1,False,83,1.0
e95f63e0813d23,泸201H5,1,5,2,C1,False,79,1.0
ea13f0ea493c11,泸203H9,3,3,2,C1,False,100,1.0
ea4b825edd73e9,泸203H66,2,24,1,C2,False,85,1.0
eb319b86471620,泸203H64,5,14,4,C1,False,83,1.0
ec1712fc7fd908,泸201H5,3,2,1,C1,False,78,1.0
ec9382dd5e39a3,泸206H8,1,12,4,C1,False,84,1.0
eccd58b3912c48,泸201H5,3,20,2,C1,False,79,1.0
ece764f72c7cc8,泸208H1,5,5,4,C2,False,85,1.0
ed16e50a011f1b,泸201H5,2,16,3,C1,False,78,1.0
edd29bc6fd61de,泸208H2,7,14,8,C1,False,82,1.0
ee053a89f7eac9,泸208H2,7,8,6,C2,False,81,1.0
ee07a520d5bc58,泸201H5,3,4,1,C1,False,73,1.0
ef1133e2878eec,泸206H8,5,6,6,C1,False,87,1.0
ef34bd413f4296,泸201H5,1,16,3,C1,False,76,1.0
ef3b9fed11dbae,泸201H5,1,12,4,C1,False,77,1.0
ef41f0e0507ea4,泸201H5,1,10,3,C1,False,80,1.0
efcb6a1fcd2519,泸201H5,4,14,3,C1,False,82,1.0
f036580d78f73c,泸201H5,1,5,3,C1,False,79,1.0
f077ff3d831c5c,泸203H64,4,3,3,C2,False,86,1.0
f0bc63f4af95ba,泸208H2,10,7,9,C2,False,87,1.0
f182e2ef6f59b8,泸203H11,7,9,6,C2,False,83,1.0
f24f1e529e7e26,泸208H2,8,10,9,C2,False,83,1.0
f2b4e7f4782a41,泸208H1,5,5,6,C2,False,85,1.0
f3056a5fde44df,泸203H66,2,23,3,C2,False,83,1.0
f313bb8189b1bd,泸201H5,1,19,3,C1,False,82,1.0
f4d05e8dc8e36f,阳101H51,2,7,1,C2,False,79,1.0
f5c8991fb1b722,泸208H2,8,13,9,C2,False,84,1.0
f6c64f2f9a998d,泸201H5,2,19,1,C1,False,84,1.0
f7037b2cbfd730,泸201H5,4,15,2,C1,False,79,1.0
f705abcc97776d,泸203H9,3,3,5,C1,False,100,1.0
f7ba8ce459c00b,泸203H66,3,12,2,C1,False,85,1.0
f922b8a2ab8611,泸201H5,1,3,4,C1,False,80,1.0
f92e0afaef85ff,泸201H5,4,14,1,C1,False,82,1.0
f98cc61cf0af90,泸203H66,1,18,2,C2,False,85,1.0
f99c47d52076e7,泸201H5,1,6,3,C1,False,82,1.0
f9ef33086e6280,泸201H5,4,19,2,C1,False,80,1.0
fa75b8a3101c03,泸203H66,2,23,1,C2,False,83,1.0
facda9f9dfe975,泸203H11,2,12,1,C2,False,88,1.0
fca9fa8e4e7e3d,阳101H51,2,16,3,C1,False,77,1.0
fd0883475e5eab,泸203H64,5,14,2,C1,False,83,1.0
fe6032a9bd77a2,泸201H5,2,12,4,C1,False,78,1.0
fe96136c51bf00,泸201H5,2,11,4,C1,False,80,1.0
fee259242e288a,泸201H5,4,5,2,C1,False,75,1.0
ff5143c0f812a0,泸208H2,7,16,8,C2,False,83,0.8192771084337349
